Generation,Best Weight
1,100001101110100110110000010001110001101111111010101001011001110001110111111001100001101101110110101001100010010000111110100000111011011100101001101100001010110100010001010011100110011000100111001100100000100010010101000000110101001111110110100001011001110010110010111101010100111101101111100100101001101000011001110001010011010110000111110110011110111011100100111111101111101000100110101001101001110100111010101011011100110100001110101100001100011011111100111100101001111011011011010111000111000100000001000010000111110101011011101010100111010110000000100101110000000100010000101111111011000010100110111111000010110010010111010110101101001001101100111100101001100111111110110001011011110000001100000110100110110011011100110000011001011010010110010011110001110100011010111011010010101001011000000000100010100100010001001011101010100011000001001111011101000110000100010011100001101100010111100101010000000001010011100001000100010100000001011101000011110100011100
2,000011011100001100101111100110000010110000011110111101100111100011100110101011110101100011101100101010000100010001001000100111010000110001010000000011111111011001111001100000100100001011000100001011001110000111101000001101010111101101000000100001001101101001000110010100111001101110111100100000011110000000100011010000101001001000010001011100100000111111111001000101100001100001110100101011101001001110111010110110010000111000010100001100110001001011010110000111101010011111011001001001110111101000010100001111011000001110001001001101100100111011010010011000110110111000000101010000001001100011000101011011111101010001010000000110101001100101101110101011100101011001000001010000000001010010100011010001010000100100100011101011111101011110111000110000011000001000111111000001101001101111100100011010000110011110011101111000011001011110110010010111011100010011010100111101101110111011111100010000001110000101101000001000101100100100110111100111011010011111110000
3,000011011100001100101111100110000010110000011110111101100111100011100110101011110101100011101100101010000100010001001000100111010000110001010000000011111111011001111001100000100100001011000100001011001110000111101000001101010111101101000000100001001101101001000110010100111001101110111100100000011110000000100011010000101001001000010001011100100000111111111001000101100001100001110100101011101001001110111010110110010000111000010100001100110001001011010110000111101010011111011001001001110111101000010100001111011000001110001001001101100100111011010010011000110110111000000101010000001001100011000101011011111101010001010000000110101001100101101110101011100101011001000001010000000001010010100011010001010000100100100011101011111101011110111000110000011000001000111111000001101001101111100100011010000110011110011101111000011001011110110010010111011100010011010100111101101110111011111100010000001110000101101000001000101100100100110111100111011010011111110000
4,000011011100001100101111100110000010110000011110111101100111100011100110101011110101100011101100101010000100010001001000100111010000110001010000000011111111011001111001100000100100001011000100001011001110000111101000001101010111101101000000100001001101101001000110010100111001101110111100100000011110000000100011010000101001001000010001011100100000111111111001000101100001100001110100101011101001001110111010110110010000111000010100001100110001001011010110000111101010011111011001001001110111101000010100001111011000001110001001001101100100111011010010011000110110111000000101010000001001100011000101011011111101010001010000000110101001100101101110101011100101011001000001010000000001010010100011010001010000100100100011101011111101011110111000110000011000001000111111000001101001101111100100011010000110011110011101111000011001011110110010010111011100010011010100111101101110111011111100010000001110000101101000001000101100100100110111100111011010011111110000
5,000011011100001100101111100110000010110000011110111101100111100011100110101011110101100011101100101010000100010001001000100111010000110001010000000011111111011001111001100000100100001011000100001011001110000111101000001101010111101101000000100001001101101001000110010100111001101110111100100000011110000000100011010000101001001000010001011100100000111111111001000101100001100001110100101011101001001110111010110110010000111000010100001100110001001011010110000111101010011111011001001001110111101000010100001111011000001110001001001101100100111011010010011000110110111000000101010000001001100011000101011011111101010001010000000110101001100101101110101011100101011001000001010000000001010010100011010001010000100100100011101011111101011110111000110000011000001000111111000001101001101111100100011010000110011110011101111000011001011110110010010111011100010011010100111101101110111011111100010000001110000101101000001000101100100100110111100111011010011111110000
6,000011011100001100101111100110000010110000011110111101100111100011100110101011110101100011101100101010000100010001001000100111010000110001010000000011111111011001111001100000100100001011000100001011001110000111101000001101010111101101000000100001001101101001000110010100111001101110111100100000011110000000100011010000101001001000010001011100100000111111111001000101100001100001110100101011101001001110111010110110010000111000010100001100110001001011010110000111101010011111011001001001110111101000010100001111011000001110001001001101100100111011010010011000110110111000000101010000001001100011000101011011111101010001010000000110101001100101101110101011100101011001000001010000000001010010100011010001010000100100100011101011111101011110111000110000011000001000111111000001101001101111100100011010000110011110011101111000011001011110110010010111011100010011010100111101101110111011111100010000001110000101101000001000101100100100110111100111011010011111110000
7,000011011100001100101111100110000010110000011110111101100111100011100110101011110101100011101100101010000100010001001000100111010000110001010000000011111111011001111001100000100100001011000100001011001110000111101000001101010111101101000000100001001101101001000110010100111001101110111100100000011110000000100011010000101001001000010001011100100000111111111001000101100001100001110100101011101001001110111010110110010000111000010100001100110001001011010110000111101010011111011001001001110111101000010100001111011000001110001001001101100100111011010010011000110110111000000101010000001001100011000101011011111101010001010000000110101001100101101110101011100101011001000001010000000001010010100011010001010000100100100011101011111101011110111000110000011000001000111111000001101001101111100100011010000110011110011101111000011001011110110010010111011100010011010100111101101110111011111100010000001110000101101000001000101100100100110111100111011010011111110000
8,000011011100001100101111100110000010110000011110111101100111100011100110101011110101100011101100101010000100010001001000100111010000110001010000000011111111011001111001100000100100001011000100001011001110000111101000001101010111101101000000100001001101101001000110010100111001101110111100100000011110000000100011010000101001001000010001011100100000111111111001000101100001100001110100101011101001001110111010110110010000111000010100001100110001001011010110000111101010011111011001001001110111101000010100001111011000001110001001001101100100111011010010011000110110111000000101010000001001100011000101011011111101010001010000000110101001100101101110101011100101011001000001010000000001010010100011010001010000100100100011101011111101011110111000110000011000001000111111000001101001101111100100011010000110011110011101111000011001011110110010010111011100010011010100111101101110111011111100010000001110000101101000001000101100100100110111100111011010011111110000
9,000011011100001100101111100110000010110000011110111101100111100011100110101011110101100011101100101010000100010001001000100111010000110001010000000011111111011001111001100000100100001011000100001011001110000111101000001101010111101101000000100001001101101001000110010100111001101110111100100000011110000000100011010000101001001000010001011100100000111111111001000101100001100001110100101011101001001110111010110110010000111000010100001100110001001011010110000111101010011111011001001001110111101000010100001111011000001110001001001101100100111011010010011000110110111000000101010000001001100011000101011011111101010001010000000110101001100101101110101011100101011001000001010000000001010010100011010001010000100100100011101011111101011110111000110000011000001000111111000001101001101111100100011010000110011110011101111000011001011110110010010111011100010011010100111101101110111011111100010000001110000101101000001000101100100100110111100111011010011111110000
10,000011011100001100101111100110000010110000011110111101100111100011100110101011110101100011101100101010000100010001001000100111010000110001010000000011111111011001111001100000100100001011000100001011001110000111101000001101010111101101000000100001001101101001000110010100111001101110111100100000011110000000100011010000101001001000010001011100100000111111111001000101100001100001110100101011101001001110111010110110010000111000010100001100110001001011010110000111101010011111011001001001110111101000010100001111011000001110001001001101100100111011010010011000110110111000000101010000001001100011000101011011111101010001010000000110101001100101101110101011100101011001000001010000000001010010100011010001010000100100100011101011111101011110111000110000011000001000111111000001101001101111100100011010000110011110011101111000011001011110110010010111011100010011010100111101101110111011111100010000001110000101101000001000101100100100110111100111011010011111110000
11,000011011100001100100111100110000010110000011110111001100111100001101010101011111101100011101100001010000100010101001000100111010000110001010000011111111110111101111001110000100100101101001100001011001100000111101000001110010111101101000000101001001101001001000110110000111001101010111100100000011110000010100011010000101001001010010001011100100000111111011101000101100011100001110100101011101001010110011010110110010000111000010100001100110001101011110110000111111000011111011001011001010110101000110001001111011000001110011001001001100101111010010010011000111110111000000101110010101001100011000101011011101101010000110001000111101001100101101110101001100101001000000001010000000000001010100011010001010100100100100011001011110001011111111001110000001010001000111111001001101011101101100100010010000110011010011100111000010001111110110000011111011100011011010100011101101110111011111100110000001110000101101000011000111100100100110111100111111010011111110000
12,000011011100001100100111100110000010110000011110111001100111100001101010101011111101100011101100001010000100010101001000100111010000110001010000011111111110111101111001110000100100101101001100001011001100000111101000001110010111101101000000101001001101001001000110110000111001101010111100100000011110000010100011010000101001001010010001011100100000111111011101000101100011100001110100101011101001010110011010110110010000111000010100001100110001101011110110000111111000011111011001011001010110101000110001001111011000001110011001001001100101111010010010011000111110111000000101110010101001100011000101011011101101010000110001000111101001100101101110101001100101001000000001010000000000001010100011010001010100100100100011001011110001011111111001110000001010001000111111001001101011101101100100010010000110011010011100111000010001111110110000011111011100011011010100011101101110111011111100110000001110000101101000011000111100100100110111100111111010011111110000
13,000011011100001100100111100110000010110000011110111001100111100001101010101011111101100011101100001010000100010101001000100111010000110001010000011111111110111101111001110000100100101101001100001011001100000111101000001110010111101101000000101001001101001001000110110000111001101010111100100000011110000010100011010000101001001010010001011100100000111111011101000101100011100001110100101011101001010110011010110110010000111000010100001100110001101011110110000111111000011111011001011001010110101000110001001111011000001110011001001001100101111010010010011000111110111000000101110010101001100011000101011011101101010000110001000111101001100101101110101001100101001000000001010000000000001010100011010001010100100100100011001011110001011111111001110000001010001000111111001001101011101101100100010010000110011010011100111000010001111110110000011111011100011011010100011101101110111011111100110000001110000101101000011000111100100100110111100111111010011111110000
14,000011011100001100100111100110000010110000011110111001100111100001101010101011111101100011101100001010000100010101001000100111010000110001010000011111111110111101111001110000100100101101001100001011001100000111101000001110010111101101000000101001001101001001000110110000111001101010111100100000011110000010100011010000101001001010010001011100100000111111011101000101100011100001110100101011101001010110011010110110010000111000010100001100110001101011110110000111111000011111011001011001010110101000110001001111011000001110011001001001100101111010010010011000111110111000000101110010101001100011000101011011101101010000110001000111101001100101101110101001100101001000000001010000000000001010100011010001010100100100100011001011110001011111111001110000001010001000111111001001101011101101100100010010000110011010011100111000010001111110110000011111011100011011010100011101101110111011111100110000001110000101101000011000111100100100110111100111111010011111110000
15,000011011100001100100111100110000010110000011110111001100111100001101010101011111101100011101100001010000100010101001000100111010000110001010000011111111110111101111001110000100100101101001100001011001100000111101000001110010111101101000000101001001101001001000110110000111001101010111100100000011110000010100011010000101001001010010001011100100000111111011101000101100011100001110100101011101001010110011010110110010000111000010100001100110001101011110110000111111000011111011001011001010110101000110001001111011000001110011001001001100101111010010010011000111110111000000101110010101001100011000101011011101101010000110001000111101001100101101110101001100101001000000001010000000000001010100011010001010100100100100011001011110001011111111001110000001010001000111111001001101011101101100100010010000110011010011100111000010001111110110000011111011100011011010100011101101110111011111100110000001110000101101000011000111100100100110111100111111010011111110000
16,010111000101011110000110110110011010100101011010011010100111101001011110111111100001100101100111001011010000010101001001101111011010000011110010010011001110111101111111010010000100011011010101001011011001011111101000011011011010101110111001011101111100011011011001110001000101100101110010100000011111000110010111100011101111000010110101110100110010110001000001011011101111101001111100101110111101100110101010110111000001000000010000001101110101011011001110011000010110111101010101001011011100000010010100100101001001001010001001110111001101100110010110111000011111011000010100100110111000000011011111011101110101010010010010000111101000101111110100001101100111010001100111100000010001100011110010010000110100100100100110011001111100011010111001110010101000000110010000110101101001001010101011010010000010000010011010000000011000001010100100100101001110010001010110011111010111011011111100011110001110100011111111101000111011100100111111110111011011111111101000
17,010111000101011110000110110110011010100101011010011010100111101001011110111111100001100101100111001011010000010101001001101111011010000011110010010011001110111101111111010010000100011011010101001011011001011111101000011011011010101110111001011101111100011011011001110001000101100101110010100000011111000110010111100011101111000010110101110100110010110001000001011011101111101001111100101110111101100110101010110111000001000000010000001101110101011011001110011000010110111101010101001011011100000010010100100101001001001010001001110111001101100110010110111000011111011000010100100110111000000011011111011101110101010010010010000111101000101111110100001101100111010001100111100000010001100011110010010000110100100100100110011001111100011010111001110010101000000110010000110101101001001010101011010010000010000010011010000000011000001010100100100101001110010001010110011111010111011011111100011110001110100011111111101000111011100100111111110111011011111111101000
18,010111000101011110000110110110011010100101011010011010100111101001011110111111100001100101100111001011010000010101001001101111011010000011110010010011001110111101111111010010000100011011010101001011011001011111101000011011011010101110111001011101111100011011011001110001000101100101110010100000011111000110010111100011101111000010110101110100110010110001000001011011101111101001111100101110111101100110101010110111000001000000010000001101110101011011001110011000010110111101010101001011011100000010010100100101001001001010001001110111001101100110010110111000011111011000010100100110111000000011011111011101110101010010010010000111101000101111110100001101100111010001100111100000010001100011110010010000110100100100100110011001111100011010111001110010101000000110010000110101101001001010101011010010000010000010011010000000011000001010100100100101001110010001010110011111010111011011111100011110001110100011111111101000111011100100111111110111011011111111101000
19,010111000101011110000110110110011010100101011010011010100111101001011110111111100001100101100111001011010000010101001001101111011010000011110010010011001110111101111111010010000100011011010101001011011001011111101000011011011010101110111001011101111100011011011001110001000101100101110010100000011111000110010111100011101111000010110101110100110010110001000001011011101111101001111100101110111101100110101010110111000001000000010000001101110101011011001110011000010110111101010101001011011100000010010100100101001001001010001001110111001101100110010110111000011111011000010100100110111000000011011111011101110101010010010010000111101000101111110100001101100111010001100111100000010001100011110010010000110100100100100110011001111100011010111001110010101000000110010000110101101001001010101011010010000010000010011010000000011000001010100100100101001110010001010110011111010111011011111100011110001110100011111111101000111011100100111111110111011011111111101000
20,010111000101011110000110110110011010100101011010011010100111101001011110111111100001100101100111001011010000010101001001101111011010000011110010010011001110111101111111010010000100011011010101001011011001011111101000011011011010101110111001011101111100011011011001110001000101100101110010100000011111000110010111100011101111000010110101110100110010110001000001011011101111101001111100101110111101100110101010110111000001000000010000001101110101011011001110011000010110111101010101001011011100000010010100100101001001001010001001110111001101100110010110111000011111011000010100100110111000000011011111011101110101010010010010000111101000101111110100001101100111010001100111100000010001100011110010010000110100100100100110011001111100011010111001110010101000000110010000110101101001001010101011010010000010000010011010000000011000001010100100100101001110010001010110011111010111011011111100011110001110100011111111101000111011100100111111110111011011111111101000
21,010111000101011110000110110110011010100101011010011010100111101001011110111111100001100101100111001011010000010101001001101111011010000011110010010011001110111101111111010010000100011011010101001011011001011111101000011011011010101110111001011101111100011011011001110001000101100101110010100000011111000110010111100011101111000010110101110100110010110001000001011011101111101001111100101110111101100110101010110111000001000000010000001101110101011011001110011000010110111101010101001011011100000010010100100101001001001010001001110111001101100110010110111000011111011000010100100110111000000011011111011101110101010010010010000111101000101111110100001101100111010001100111100000010001100011110010010000110100100100100110011001111100011010111001110010101000000110010000110101101001001010101011010010000010000010011010000000011000001010100100100101001110010001010110011111010111011011111100011110001110100011111111101000111011100100111111110111011011111111101000
22,010111000101011110000110110110011010100101011010011010100111101001011110111111100001100101100111001011010000010101001001101111011010000011110010010011001110111101111111010010000100011011010101001011011001011111101000011011011010101110111001011101111100011011011001110001000101100101110010100000011111000110010111100011101111000010110101110100110010110001000001011011101111101001111100101110111101100110101010110111000001000000010000001101110101011011001110011000010110111101010101001011011100000010010100100101001001001010001001110111001101100110010110111000011111011000010100100110111000000011011111011101110101010010010010000111101000101111110100001101100111010001100111100000010001100011110010010000110100100100100110011001111100011010111001110010101000000110010000110101101001001010101011010010000010000010011010000000011000001010100100100101001110010001010110011111010111011011111100011110001110100011111111101000111011100100111111110111011011111111101000
23,101111000110011100100100100110011000110011011110111001010011001101001110111011100111110011100100000111000000010101101001101110100010110011101110010001011111111100010110110011110101111111011110001001010111011111001100001011111011100101000001011001101100001101011111110000001001100000011010110000001010110011100000110010100111000010110001000110000010100000110101010100101001110001111100101011101001000111111001010110000000011000011101001010110000101001100110010001001010011100011101011001011100101000000001011101011001011010101001000111011100101111011100111000011111011001100100101000100001110001010000010101100101011000010001111011110001101111001110001011000111110001000111110001001111000011000010010001100010110100100001100000111000011111111100110001101010001110111010000001101001101000000010010011000010011010001111100100000001111111000000101110011010001100100100111111110111111001111110010100001110110000101011101000111110100101110111110111011000010111101010
24,000011000100011110100101100110011100110000011110111001011011101100001110111011101101000011101100010010000000010110100001100111100000110111001010010000000111111101010110110000110101111111011110001001011011001111000011101011110111100101000001101001011000001001011110110000001000101000111110110000001110110001100000110011001111000010010011000110100010110001111101010100100001110001111100101011101001010111111010010110010000001000011101001110110000101001100110011001011011011111010001011001011100101000110001001101011001011010001001000101011110101001010100111001011110011000000101100001101001100011000101001101101101011011110000110011100001101111001101001011000111110001000011110100010110000011100010110001100010110100000101010000111000011111111101110001001000001100111011000001101001111000000000000011100010011010001101100000000001111110000000001110010110001100100100111011011111011011111110010000001110110001001001101000111100100101110111110111001100000111111011
25,110011001100001110100101111011001000110101011110111001111111101000010110101011100111110111101110011010000100010001101101101111010100110000001010011111110110011001111011110000101101101111101110011011101100001011101110001101111111101111001001101001001001001001011111010001111011101000011110110000011101000010001000010100101101001010110011110110100010111111111011001000000101000010110100101011101100011111011000110110000000000000010100001100110001001001110111011001011000011111001001011001110010001001110100011001011001001110001001010101001000111111111111111000011111011100000101101010101011001001110110010111101101010010100000000011001000100101000110000111100101001000010101010000000011101000000011010001110000100100011011010010111000011010011000110100011010001000111011001101111000101101100111010010011110001010010001110000010111011010110000111101010111001101000100011101010010111000111100010000001110110001001101101011101110110100110101110111011101011001100100
26,110011001100001110100101111011001000110101011110111001111111101000010110101011100111110111101110011010000100010001101101101111010100110000001010011111110110011001111011110000101101101111101110011011101100001011101110001101111111101111001001101001001001001001011111010001111011101000011110110000011101000010001000010100101101001010110011110110100010111111111011001000000101000010110100101011101100011111011000110110000000000000010100001100110001001001110111011001011000011111001001011001110010001001110100011001011001001110001001010101001000111111111111111000011111011100000101101010101011001001110110010111101101010010100000000011001000100101000110000111100101001000010101010000000011101000000011010001110000100100011011010010111000011010011000110100011010001000111011001101111000101101100111010010011110001010010001110000010111011010110000111101010111001101000100011101010010111000111100010000001110110001001101101011101110110100110101110111011101011001100100
27,000011001100001100100100110110000000100001111110111001010011100110011110101011100101010001101110011010000100010111100001100011100100110000001011011011000110101101110111110000000101101111011110011011011010001011101111001011101110101100101001111101111001001001011110110000011000101110111010100000011111000010100001010010101101001010110011001110100000110100101011010000000001100001111110001011111101011111111010011110010000001000011100001010110000101001111110001001011010011111000101011101111100101000010001001001011001011110010001000101111101101010011010111001111110011000000101100010101011000011000101101111111101010000110000010011001000101100001100000111100101110000000111100100000101100001000010110001010000110110011011000011111101010111111100110000101000001100111101001011101001011101000100110010100010011010011111100000000001111110100000001101010100000100100100011011011011111011111110010010001110000001001001001000101100100100111111110111011100000111111001
28,000011010100111100100100100111001100111111011110111001100111010001000110111011100101110011100100010011000100010111100000101111100110110011001110011111100111101100011101110000110100111111011110001011001010001111100011101100111111101110100000111001111010011011001010111001001010101001111110100000000111100001100000010100100011000010110001010110000010110011111011010100101011000001111101101111111001011111011000010110000000001000011101001010110001001011100110010001111010011111000101011101010110111000110001011001011001011110110001000101111101101100110110111000111101011001000101111110100011100001000000010101101101011000110000110111111001101101000110001011000111110000100001010000010000100100110010010011100000110100001110010000111001011111111000110001101000001010111001000101101001001101000010010110000000011010010110000000010111111111000000011101010111001100000100010111010110111001011100010000001110110000011000001010111100110101110111110111001110011111111110
29,000011010100111100100100100111001100111111011110111001100111010001000110111011100101110011100100010011000100010111100000101111100110110011001110011111100111101100011101110000110100111111011110001011001010001111100011101100111111101110100000111001111010011011001010111001001010101001111110100000000111100001100000010100100011000010110001010110000010110011111011010100101011000001111101101111111001011111011000010110000000001000011101001010110001001011100110010001111010011111000101011101010110111000110001011001011001011110110001000101111101101100110110111000111101011001000101111110100011100001000000010101101101011000110000110111111001101101000110001011000111110000100001010000010000100100110010010011100000110100001110010000111001011111111000110001101000001010111001000101101001001101000010010110000000011010010110000000010111111111000000011101010111001100000100010111010110111001011100010000001110110000011000001010111100110101110111110111001110011111111110
30,000011010100111100100100100111001100111111011110111001100111010001000110111011100101110011100100010011000100010111100000101111100110110011001110011111100111101100011101110000110100111111011110001011001010001111100011101100111111101110100000111001111010011011001010111001001010101001111110100000000111100001100000010100100011000010110001010110000010110011111011010100101011000001111101101111111001011111011000010110000000001000011101001010110001001011100110010001111010011111000101011101010110111000110001011001011001011110110001000101111101101100110110111000111101011001000101111110100011100001000000010101101101011000110000110111111001101101000110001011000111110000100001010000010000100100110010010011100000110100001110010000111001011111111000110001101000001010111001000101101001001101000010010110000000011010010110000000010111111111000000011101010111001100000100010111010110111001011100010000001110110000011000001010111100110101110111110111001110011111111110
31,010011010100011100100111101110001100100111011100111001110111100110001110111111110101010001100100010001000100000000101000101011100110110010001010011111010110101100010011110000011100111111011110011011100011001111101110101100101111101110000000100101111000001001001011110000011000101001111110100000010111100001100001000011101011000010110111110110000000101001011011011000101011110001111101101111111001110111011000010110000000101000010100001000110001001011110110001001011010011111000101011001110010101000010000011001001001001110000001000101111101101000010110111000111111011100000001101010100010100011010001111101100101010010110000100011101000101100000111001011000011111001100111010000010100100100110010010011110000010100101111010010111001011110111001110001101000001000101001000001100001001001000010010110000010011010011111000000010111111101000010111100010100010000000100011101011110011001111110010100101110010000101010101011101100110101110111110111001100110111111011
32,010011010100011100100111101110001100100111011100111001110111100110001110111111110101010001100100010001000100000000101000101011100110110010001010011111010110101100010011110000011100111111011110011011100011001111101110101100101111101110000000100101111000001001001011110000011000101001111110100000010111100001100001000011101011000010110111110110000000101001011011011000101011110001111101101111111001110111011000010110000000101000010100001000110001001011110110001001011010011111000101011001110010101000010000011001001001001110000001000101111101101000010110111000111111011100000001101010100010100011010001111101100101010010110000100011101000101100000111001011000011111001100111010000010100100100110010010011110000010100101111010010111001011110111001110001101000001000101001000001100001001001000010010110000010011010011111000000010111111101000010111100010100010000000100011101011110011001111110010100101110010000101010101011101100110101110111110111001100110111111011
33,010011010100011100100111101110001100100111011100111001110111100110001110111111110101010001100100010001000100000000101000101011100110110010001010011111010110101100010011110000011100111111011110011011100011001111101110101100101111101110000000100101111000001001001011110000011000101001111110100000010111100001100001000011101011000010110111110110000000101001011011011000101011110001111101101111111001110111011000010110000000101000010100001000110001001011110110001001011010011111000101011001110010101000010000011001001001001110000001000101111101101000010110111000111111011100000001101010100010100011010001111101100101010010110000100011101000101100000111001011000011111001100111010000010100100100110010010011110000010100101111010010111001011110111001110001101000001000101001000001100001001001000010010110000010011010011111000000010111111101000010111100010100010000000100011101011110011001111110010100101110010000101010101011101100110101110111110111001100110111111011
34,010011010100011100100111101110001100100111011100111001110111100110001110111111110101010001100100010001000100000000101000101011100110110010001010011111010110101100010011110000011100111111011110011011100011001111101110101100101111101110000000100101111000001001001011110000011000101001111110100000010111100001100001000011101011000010110111110110000000101001011011011000101011110001111101101111111001110111011000010110000000101000010100001000110001001011110110001001011010011111000101011001110010101000010000011001001001001110000001000101111101101000010110111000111111011100000001101010100010100011010001111101100101010010110000100011101000101100000111001011000011111001100111010000010100100100110010010011110000010100101111010010111001011110111001110001101000001000101001000001100001001001000010010110000010011010011111000000010111111101000010111100010100010000000100011101011110011001111110010100101110010000101010101011101100110101110111110111001100110111111011
35,010011010100011100100111101110001100100111011100111001110111100110001110111111110101010001100100010001000100000000101000101011100110110010001010011111010110101100010011110000011100111111011110011011100011001111101110101100101111101110000000100101111000001001001011110000011000101001111110100000010111100001100001000011101011000010110111110110000000101001011011011000101011110001111101101111111001110111011000010110000000101000010100001000110001001011110110001001011010011111000101011001110010101000010000011001001001001110000001000101111101101000010110111000111111011100000001101010100010100011010001111101100101010010110000100011101000101100000111001011000011111001100111010000010100100100110010010011110000010100101111010010111001011110111001110001101000001000101001000001100001001001000010010110000010011010011111000000010111111101000010111100010100010000000100011101011110011001111110010100101110010000101010101011101100110101110111110111001100110111111011
36,010011010100011100100111101110001100100111011100111001110111100110001110111111110101010001100100010001000100000000101000101011100110110010001010011111010110101100010011110000011100111111011110011011100011001111101110101100101111101110000000100101111000001001001011110000011000101001111110100000010111100001100001000011101011000010110111110110000000101001011011011000101011110001111101101111111001110111011000010110000000101000010100001000110001001011110110001001011010011111000101011001110010101000010000011001001001001110000001000101111101101000010110111000111111011100000001101010100010100011010001111101100101010010110000100011101000101100000111001011000011111001100111010000010100100100110010010011110000010100101111010010111001011110111001110001101000001000101001000001100001001001000010010110000010011010011111000000010111111101000010111100010100010000000100011101011110011001111110010100101110010000101010101011101100110101110111110111001100110111111011
37,010011010100011100100111101110001100100111011100111001110111100110001110111111110101010001100100010001000100000000101000101011100110110010001010011111010110101100010011110000011100111111011110011011100011001111101110101100101111101110000000100101111000001001001011110000011000101001111110100000010111100001100001000011101011000010110111110110000000101001011011011000101011110001111101101111111001110111011000010110000000101000010100001000110001001011110110001001011010011111000101011001110010101000010000011001001001001110000001000101111101101000010110111000111111011100000001101010100010100011010001111101100101010010110000100011101000101100000111001011000011111001100111010000010100100100110010010011110000010100101111010010111001011110111001110001101000001000101001000001100001001001000010010110000010011010011111000000010111111101000010111100010100010000000100011101011110011001111110010100101110010000101010101011101100110101110111110111001100110111111011
38,010011010100011100100111101110001100100111011100111001110111100110001110111111110101010001100100010001000100000000101000101011100110110010001010011111010110101100010011110000011100111111011110011011100011001111101110101100101111101110000000100101111000001001001011110000011000101001111110100000010111100001100001000011101011000010110111110110000000101001011011011000101011110001111101101111111001110111011000010110000000101000010100001000110001001011110110001001011010011111000101011001110010101000010000011001001001001110000001000101111101101000010110111000111111011100000001101010100010100011010001111101100101010010110000100011101000101100000111001011000011111001100111010000010100100100110010010011110000010100101111010010111001011110111001110001101000001000101001000001100001001001000010010110000010011010011111000000010111111101000010111100010100010000000100011101011110011001111110010100101110010000101010101011101100110101110111110111001100110111111011
39,001011010100011000100000101110001100110000111110111001011111100100000110111011110101011111100101010011000100010111101000100010000100110010000011011111010110101000110101110011101100101111011100001010011011001110100111011100101111110100001000111001111001001001001011110001001000101100110110100000000111110000100000110001101001000010111001010110100010111111111001010000100111000001111101001010111111010111011011000110010000101000011100001000110001101011110110000011011011011111000101011011110110101010010001011001111001001110010001100101101001101010010111111000111111011000000101101010111010100011000101111101001101010010110000110111011001100111001110001111000101000000000111010100010111000100101010110001100110010100100011010011111000010100111101110000111010000100111101000001101001001101000001110010100000011010111110100000011000111001001000101110000101000110100100011101011110111000111110110010001100100100101000011011101110100101110110100111011110011011111010
40,011011001100011010100101100110100000100001011100111001001111100000000110111111101111111011101100010001000100000111100100100111100010110000010001011111000110101101010111110010000100111011010110011010111110011111101101011110011111101000000000111101001100001111001010110001101011101100111110100000010110100001100000010100101101000010111101110110100010101101101011011100001011010001111101001111111101110111011000110110000000101000010101001000100011101011110110010001011010011110000001011011110110101000010101011001011001001110010101000101111001111000010010111000111111011000110001101011000001000001100110111101101101010000110010110011111001100110000100001011100001000000100101010000010111100000000010010001100000110100000011000010111001011111111001110000111001001100101001000011101001101111100000010010000110011010111110100000010110101010000000101110011110000000100101011101111110011001111110010000101110110000001000111000101100100000110111110111011110011111100100
41,011011001100011010100101100110100000100001011100111001001111100000000110111111101111111011101100010001000100000111100100100111100010110000010001011111000110101101010111110010000100111011010110011010111110011111101101011110011111101000000000111101001100001111001010110001101011101100111110100000010110100001100000010100101101000010111101110110100010101101101011011100001011010001111101001111111101110111011000110110000000101000010101001000100011101011110110010001011010011110000001011011110110101000010101011001011001001110010101000101111001111000010010111000111111011000110001101011000001000001100110111101101101010000110010110011111001100110000100001011100001000000100101010000010111100000000010010001100000110100000011000010111001011111111001110000111001001100101001000011101001101111100000010010000110011010111110100000010110101010000000101110011110000000100101011101111110011001111110010000101110110000001000111000101100100000110111110111011110011111100100
42,011011001100011010100101100110100000100001011100111001001111100000000110111111101111111011101100010001000100000111100100100111100010110000010001011111000110101101010111110010000100111011010110011010111110011111101101011110011111101000000000111101001100001111001010110001101011101100111110100000010110100001100000010100101101000010111101110110100010101101101011011100001011010001111101001111111101110111011000110110000000101000010101001000100011101011110110010001011010011110000001011011110110101000010101011001011001001110010101000101111001111000010010111000111111011000110001101011000001000001100110111101101101010000110010110011111001100110000100001011100001000000100101010000010111100000000010010001100000110100000011000010111001011111111001110000111001001100101001000011101001101111100000010010000110011010111110100000010110101010000000101110011110000000100101011101111110011001111110010000101110110000001000111000101100100000110111110111011110011111100100
43,011011001100011010100101100110100000100001011100111001001111100000000110111111101111111011101100010001000100000111100100100111100010110000010001011111000110101101010111110010000100111011010110011010111110011111101101011110011111101000000000111101001100001111001010110001101011101100111110100000010110100001100000010100101101000010111101110110100010101101101011011100001011010001111101001111111101110111011000110110000000101000010101001000100011101011110110010001011010011110000001011011110110101000010101011001011001001110010101000101111001111000010010111000111111011000110001101011000001000001100110111101101101010000110010110011111001100110000100001011100001000000100101010000010111100000000010010001100000110100000011000010111001011111111001110000111001001100101001000011101001101111100000010010000110011010111110100000010110101010000000101110011110000000100101011101111110011001111110010000101110110000001000111000101100100000110111110111011110011111100100
44,011011001100011010100101100110100000100001011100111001001111100000000110111111101111111011101100010001000100000111100100100111100010110000010001011111000110101101010111110010000100111011010110011010111110011111101101011110011111101000000000111101001100001111001010110001101011101100111110100000010110100001100000010100101101000010111101110110100010101101101011011100001011010001111101001111111101110111011000110110000000101000010101001000100011101011110110010001011010011110000001011011110110101000010101011001011001001110010101000101111001111000010010111000111111011000110001101011000001000001100110111101101101010000110010110011111001100110000100001011100001000000100101010000010111100000000010010001100000110100000011000010111001011111111001110000111001001100101001000011101001101111100000010010000110011010111110100000010110101010000000101110011110000000100101011101111110011001111110010000101110110000001000111000101100100000110111110111011110011111100100
45,011011001100011010100101100110100000100001011100111001001111100000000110111111101111111011101100010001000100000111100100100111100010110000010001011111000110101101010111110010000100111011010110011010111110011111101101011110011111101000000000111101001100001111001010110001101011101100111110100000010110100001100000010100101101000010111101110110100010101101101011011100001011010001111101001111111101110111011000110110000000101000010101001000100011101011110110010001011010011110000001011011110110101000010101011001011001001110010101000101111001111000010010111000111111011000110001101011000001000001100110111101101101010000110010110011111001100110000100001011100001000000100101010000010111100000000010010001100000110100000011000010111001011111111001110000111001001100101001000011101001101111100000010010000110011010111110100000010110101010000000101110011110000000100101011101111110011001111110010000101110110000001000111000101100100000110111110111011110011111100100
46,011011001100011010100101100110100000100001011100111001001111100000000110111111101111111011101100010001000100000111100100100111100010110000010001011111000110101101010111110010000100111011010110011010111110011111101101011110011111101000000000111101001100001111001010110001101011101100111110100000010110100001100000010100101101000010111101110110100010101101101011011100001011010001111101001111111101110111011000110110000000101000010101001000100011101011110110010001011010011110000001011011110110101000010101011001011001001110010101000101111001111000010010111000111111011000110001101011000001000001100110111101101101010000110010110011111001100110000100001011100001000000100101010000010111100000000010010001100000110100000011000010111001011111111001110000111001001100101001000011101001101111100000010010000110011010111110100000010110101010000000101110011110000000100101011101111110011001111110010000101110110000001000111000101100100000110111110111011110011111100100
47,000011011100001110100101100110000000100011011110111001011011100011001110111111101101101001100100010001000100000111101100100010100010100010000110011111000110101101110011110000111100101111010110011010001111010111101110011100101111101110100000111000101100001011001010110001001001101101111110100000010110000010100000010101101101000010110001010110010000111011101011000100001011010001111101101011101101010111011001010110000000101000010100001000110011101011110110010001011010011111000101011011010110101100010101011001001001001110010001000101001001111000011110111000111111011100000101101011101001000011100101110101101101011000110000100011101000101111000100001111100011000000000111010000000000101100110010010001110010010110010010010011111001011111011001110000111001001100111001000011101001001111000000010010000010011010011111100000010000101101001000001110010111010000000100011101111010011000011110010010001110010000101001101001101100100100111111110111011110011111110100
48,000011000100011000100100101110101100110101111110111000011111100001001110101111101101111001110101010000000100000011101000100110100000100010000001011111000110101100011011110011010100111011010100001010010111001111101111111100101111101110100000110101011101001001001111110001001000101101111110100000010110100000100000010001100001000010101101110110100010111101001111011100001011000001111101101011111101110111111010110110000000101000010101001000110001101011110110010011011010011111010001011011010010101100000001011001001001001110010011000101011001111000010111011000111110011100100101101010001001000001100010110001100101011000110010100111111001101111000110000011100101010001000111010000010100101000010010010011100000010110001000000011111001011111111001110000111000001100111001010101101001001101100000110010000110011010011111100000010110111000001000101110010111000000100100011101011110111001111101010100000100110101101010111001101100100100110111110111001101011111110000
49,010011000100011100100100101110101100110111011110111000011011100001001110101111111101111101100101010001000100000101101000100110100000110010000000011111010110101100011011110011010100111111010100001010100111010111101111011110101111101101000000110101011100001001001110110001001001101111111110100000010110100000100001010001101001000010111001110110100000110101011011001100001011000001111101001111111101110111111011110110000000101000010101001000110001101011110110010001011010011110000001011011010010101100000001011001001001001110000011000101011101111000010011011000111111011100100101101010000001000011000010110001101101011001110010100111111000101111000110000011100011000001000111010000010100100000110010010001100010010100001001010011111000010111111001110100101001001100101001000101101001001101100000010010010110011010001110000000011010111010001000101100011111000000100100011101011010111001111110010100000100110001101011111011101110100100110111110111011111011111110100
50,010011000100011100100100101110101100110111011110111000011011100001001110101111111101111101100101010001000100000101101000100110100000110010000000011111010110101100011011110011010100111111010100001010100111010111101111011110101111101101000000110101011100001001001110110001001001101111111110100000010110100000100001010001101001000010111001110110100000110101011011001100001011000001111101001111111101110111111011110110000000101000010101001000110001101011110110010001011010011110000001011011010010101100000001011001001001001110000011000101011101111000010011011000111111011100100101101010000001000011000010110001101101011001110010100111111000101111000110000011100011000001000111010000010100100000110010010001100010010100001001010011111000010111111001110100101001001100101001000101101001001101100000010010010110011010001110000000011010111010001000101100011111000000100100011101011010111001111110010100000100110001101011111011101110100100110111110111011111011111110100
51,010011000100011100100100101110101100110111011110111000011011100001001110101111111101111101100101010001000100000101101000100110100000110010000000011111010110101100011011110011010100111111010100001010100111010111101111011110101111101101000000110101011100001001001110110001001001101111111110100000010110100000100001010001101001000010111001110110100000110101011011001100001011000001111101001111111101110111111011110110000000101000010101001000110001101011110110010001011010011110000001011011010010101100000001011001001001001110000011000101011101111000010011011000111111011100100101101010000001000011000010110001101101011001110010100111111000101111000110000011100011000001000111010000010100100000110010010001100010010100001001010011111000010111111001110100101001001100101001000101101001001101100000010010010110011010001110000000011010111010001000101100011111000000100100011101011010111001111110010100000100110001101011111011101110100100110111110111011111011111110100
52,010011000100011100100100101110101100110111011110111000011011100001001110101111111101111101100101010001000100000101101000100110100000110010000000011111010110101100011011110011010100111111010100001010100111010111101111011110101111101101000000110101011100001001001110110001001001101111111110100000010110100000100001010001101001000010111001110110100000110101011011001100001011000001111101001111111101110111111011110110000000101000010101001000110001101011110110010001011010011110000001011011010010101100000001011001001001001110000011000101011101111000010011011000111111011100100101101010000001000011000010110001101101011001110010100111111000101111000110000011100011000001000111010000010100100000110010010001100010010100001001010011111000010111111001110100101001001100101001000101101001001101100000010010010110011010001110000000011010111010001000101100011111000000100100011101011010111001111110010100000100110001101011111011101110100100110111110111011111011111110100
53,010011000100011100100100101110101100110111011110111000011011100001001110101111111101111101100101010001000100000101101000100110100000110010000000011111010110101100011011110011010100111111010100001010100111010111101111011110101111101101000000110101011100001001001110110001001001101111111110100000010110100000100001010001101001000010111001110110100000110101011011001100001011000001111101001111111101110111111011110110000000101000010101001000110001101011110110010001011010011110000001011011010010101100000001011001001001001110000011000101011101111000010011011000111111011100100101101010000001000011000010110001101101011001110010100111111000101111000110000011100011000001000111010000010100100000110010010001100010010100001001010011111000010111111001110100101001001100101001000101101001001101100000010010010110011010001110000000011010111010001000101100011111000000100100011101011010111001111110010100000100110001101011111011101110100100110111110111011111011111110100
54,010011000100011100100100101110100100110111011110111000001111100001101110101111111101101001101101010001000100010011101000100110100010110010000000011111000110101100110011110010010100111111010100001010101011010111101100011110101110101101100000110101011101001001001010110001001001101111111110100000010110100010100001010001101101000010111001110110100010110101001011001100000011000001111101101111111101110111111010010110000000101000010100001000110001101011110111010001011010011110000001011011010010101000000101011001001001001110010001000101111001111010010010011000111110011100000101101010000001100011000010110111101101010000110010100111101001101110000110001011000001000000100111010000010110100000100010010011100010110110001010010011111001010111111001110100101000001100101001001111101001001101000000010010010110001010011110000000000010111000000000101110011111000100100100011101111010111001111110010100001110110001101001111011101110100100110111110111011011011111111100
55,010011000100011100100101101110001100100001011110111001011111100001101110111111111101011101110100010001000100010011101000100111100010110010000110011111000110101100110111110001010100111111010100001010101111010111101111001110101111101100000000110001001100001001001111110001001001101111111110100000001110100011100000010000101001000010111101011110010000100001011011011100000011010001111101101111111101110111011001010110000000001000010101001000110001101011110110010001011010011110000001011011010110101000000001011101001001001100010001000101011001101010110111011000111111011100110101101010101000000001000011110101101101010001110010100011011001101111000110001111000011000000000011010000010100100100100010010001100110110100001011000011111000010111011101110000111001001100111001000101101001001111100001010010000110011010011111000000000010111000000000001100011110000000000101111101011110111000111100010000101110010001101001111011101100100100110111100111011011011111110100
56,010011000100011100100101101110001100100001011110111001011111100001101110111111111101011101110100010001000100010011101000100111100010110010000110011111000110101100110111110001010100111111010100001010101111010111101111001110101111101100000000110001001100001001001111110001001001101111111110100000001110100011100000010000101001000010111101011110010000100001011011011100000011010001111101101111111101110111011001010110000000001000010101001000110001101011110110010001011010011110000001011011010110101000000001011101001001001100010001000101011001101010110111011000111111011100110101101010101000000001000011110101101101010001110010100011011001101111000110001111000011000000000011010000010100100100100010010001100110110100001011000011111000010111011101110000111001001100111001000101101001001111100001010010000110011010011111000000000010111000000000001100011110000000000101111101011110111000111100010000101110010001101001111011101100100100110111100111011011011111110100
57,010011000100011100100101101110001100100001011110111001011111100001101110111111111101011101110100010001000100010011101000100111100010110010000110011111000110101100110111110001010100111111010100001010101111010111101111001110101111101100000000110001001100001001001111110001001001101111111110100000001110100011100000010000101001000010111101011110010000100001011011011100000011010001111101101111111101110111011001010110000000001000010101001000110001101011110110010001011010011110000001011011010110101000000001011101001001001100010001000101011001101010110111011000111111011100110101101010101000000001000011110101101101010001110010100011011001101111000110001111000011000000000011010000010100100100100010010001100110110100001011000011111000010111011101110000111001001100111001000101101001001111100001010010000110011010011111000000000010111000000000001100011110000000000101111101011110111000111100010000101110010001101001111011101100100100110111100111011011011111110100
58,010011000100011100100101101110001100100001011110111001011111100001101110111111111101011101110100010001000100010011101000100111100010110010000110011111000110101100110111110001010100111111010100001010101111010111101111001110101111101100000000110001001100001001001111110001001001101111111110100000001110100011100000010000101001000010111101011110010000100001011011011100000011010001111101101111111101110111011001010110000000001000010101001000110001101011110110010001011010011110000001011011010110101000000001011101001001001100010001000101011001101010110111011000111111011100110101101010101000000001000011110101101101010001110010100011011001101111000110001111000011000000000011010000010100100100100010010001100110110100001011000011111000010111011101110000111001001100111001000101101001001111100001010010000110011010011111000000000010111000000000001100011110000000000101111101011110111000111100010000101110010001101001111011101100100100110111100111011011011111110100
59,011011010100011100100111100110001110100100011100111000001111100001101110111111110101101001100101010001000100000001101000100011100000110010000001011111000110101100010011110010011100111111010100011010100110000111101101001100101110101111000000100000011101001011001010111001011001101111111110100000010110100000100000010001101101000010101101010110100000110111101011010100000011010001111101101111111101110111111000110110000000101000010100001000110011101011110110010001011010011110011001011011010010101000000101011101011001001110010011000101111001111000010111111010111110011100010101101010000001100001000110110001001101010000110010100111111000101111000110001011100001001000100011010000010110100000110010010001100010010100001111010010111001011101111001110010111000001100101001000001101001001111000001010010010010001010111111000000001010101110000000101110011110000000100101011101011010111001111110010100001110010001101000101001101100100101110111110111011111011111110100
60,001011010100011110100110100110101110110111011100111001000111100111101110101111111101001001010101010001000100010101101000100010100000100010001100011111000110101100010011110010011100111111010100011011000111010111101111111100001111101100000000110101001101001111001011111001001000101101111110100000010110100011100000110101101001000010101101110110010000110111001011010100000011010001111101001111111001110111111000110110000000001000010101001000110011101011110110000001011010011110000101011011010010101100010001011101001001001110000001000101111001111010011110111010111111011100010101101010100001100001010010110101001101011001110010100011101001101110000100001011100101000000000011010000010101100000100010010001100010110100001011010010111000011111101100110000111001001100111001000011101001001101100001010010000110011010101111000000000100101100000000101110010111000000000101111101011010011010111110010100111110010000101000101001101100100101110111110111011110010111101100
61,011011000100011110100100101110001000110101011110111001010111100011000110111011111111111001110110010000000100010000101000100110100010110011000110010111010110101100011110110000111100111111011100011010101010011111101101001000101111101110000000111101111001001001001010110001001001101111111110100000010110100010100000010000101101000010111101010110010010111011101001010100001011000001111101101111111101110111011001010110000000101000010101001010110011101011110111010001011010011110000001011011010010101100010001011001011001001110010001000101011001101000011110011000111111011100100001101010101001000001100100110001001101011000110010110111101000100111000110001011000001010000000011010000010101100000100010010001100010110100001001000011111001010111111001110000111000001100101001011111101001001101100101010010000010011010101111100000001010101001000000101110010111000000000101011101011010011000111110010000001110000100101000111001101110100100110111100111011010011011111100
62,011011000100011110100100101110001000110101011110111001010111100011000110111011111111111001110110010000000100010000101000100110100010110011000110010111010110101100011110110000111100111111011100011010101010011111101101001000101111101110000000111101111001001001001010110001001001101111111110100000010110100010100000010000101101000010111101010110010010111011101001010100001011000001111101101111111101110111011001010110000000101000010101001010110011101011110111010001011010011110000001011011010010101100010001011001011001001110010001000101011001101000011110011000111111011100100001101010101001000001100100110001001101011000110010110111101000100111000110001011000001010000000011010000010101100000100010010001100010110100001001000011111001010111111001110000111000001100101001011111101001001101100101010010000010011010101111100000001010101001000000101110010111000000000101011101011010011000111110010000001110000100101000111001101110100100110111100111011010011011111100
63,011011000100011110100100101110001000110101011110111001010111100011000110111011111111111001110110010000000100010000101000100110100010110011000110010111010110101100011110110000111100111111011100011010101010011111101101001000101111101110000000111101111001001001001010110001001001101111111110100000010110100010100000010000101101000010111101010110010010111011101001010100001011000001111101101111111101110111011001010110000000101000010101001010110011101011110111010001011010011110000001011011010010101100010001011001011001001110010001000101011001101000011110011000111111011100100001101010101001000001100100110001001101011000110010110111101000100111000110001011000001010000000011010000010101100000100010010001100010110100001001000011111001010111111001110000111000001100101001011111101001001101100101010010000010011010101111100000001010101001000000101110010111000000000101011101011010011000111110010000001110000100101000111001101110100100110111100111011010011011111100
64,011011000100011110100100101110001000110101011110111001010111100011000110111011111111111001110110010000000100010000101000100110100010110011000110010111010110101100011110110000111100111111011100011010101010011111101101001000101111101110000000111101111001001001001010110001001001101111111110100000010110100010100000010000101101000010111101010110010010111011101001010100001011000001111101101111111101110111011001010110000000101000010101001010110011101011110111010001011010011110000001011011010010101100010001011001011001001110010001000101011001101000011110011000111111011100100001101010101001000001100100110001001101011000110010110111101000100111000110001011000001010000000011010000010101100000100010010001100010110100001001000011111001010111111001110000111000001100101001011111101001001101100101010010000010011010101111100000001010101001000000101110010111000000000101011101011010011000111110010000001110000100101000111001101110100100110111100111011010011011111100
65,011011000100011110100100101110001000110101011110111001010111100011000110111011111111111001110110010000000100010000101000100110100010110011000110010111010110101100011110110000111100111111011100011010101010011111101101001000101111101110000000111101111001001001001010110001001001101111111110100000010110100010100000010000101101000010111101010110010010111011101001010100001011000001111101101111111101110111011001010110000000101000010101001010110011101011110111010001011010011110000001011011010010101100010001011001011001001110010001000101011001101000011110011000111111011100100001101010101001000001100100110001001101011000110010110111101000100111000110001011000001010000000011010000010101100000100010010001100010110100001001000011111001010111111001110000111000001100101001011111101001001101100101010010000010011010101111100000001010101001000000101110010111000000000101011101011010011000111110010000001110000100101000111001101110100100110111100111011010011011111100
66,011011000100011110100100101110001000110101011110111001010111100011000110111011111111111001110110010000000100010000101000100110100010110011000110010111010110101100011110110000111100111111011100011010101010011111101101001000101111101110000000111101111001001001001010110001001001101111111110100000010110100010100000010000101101000010111101010110010010111011101001010100001011000001111101101111111101110111011001010110000000101000010101001010110011101011110111010001011010011110000001011011010010101100010001011001011001001110010001000101011001101000011110011000111111011100100001101010101001000001100100110001001101011000110010110111101000100111000110001011000001010000000011010000010101100000100010010001100010110100001001000011111001010111111001110000111000001100101001011111101001001101100101010010000010011010101111100000001010101001000000101110010111000000000101011101011010011000111110010000001110000100101000111001101110100100110111100111011010011011111100
67,011011000100011110100100101110001000110101011110111001010111100011000110111011111111111001110110010000000100010000101000100110100010110011000110010111010110101100011110110000111100111111011100011010101010011111101101001000101111101110000000111101111001001001001010110001001001101111111110100000010110100010100000010000101101000010111101010110010010111011101001010100001011000001111101101111111101110111011001010110000000101000010101001010110011101011110111010001011010011110000001011011010010101100010001011001011001001110010001000101011001101000011110011000111111011100100001101010101001000001100100110001001101011000110010110111101000100111000110001011000001010000000011010000010101100000100010010001100010110100001001000011111001010111111001110000111000001100101001011111101001001101100101010010000010011010101111100000001010101001000000101110010111000000000101011101011010011000111110010000001110000100101000111001101110100100110111100111011010011011111100
68,011011000100111110100100100110101100100001011110111001001111100101001110101111101111111001101101010001000100010101101000100111100010110010001001011111000110101100111011110000011100111111010100011010101010010111101111001100101111101000000000111101011101001011001011110001001011101101111110100000011110100000100000010100101001000010111101110110000010111101111011010100000011010001111101001111111001110111011001010110000000101000010101001000110011101011100110000001111010011110110101011011010010111000010001001001001001001110010011100101111001111000010110011010111110011100100101101010000001000011100111111101001101010000110010100111101000101111000110001111000001000000000011010000010110100100100010010011100010010100011001000010111001010111111001110010101001001100111001011001101001001111100000010010010010011010001111000000001100111000001000101100011111000000100101111101001010111001111110010000011110010101101001101001101110100100110111100111011110011111111100
69,011011000100011110100100100110000100110101011110111001001111100101011110111111110111101001101101010001000100010111101000100111100000100010000100011111000110101100110111110000010100101111010100001010101111010111100110101100111111101000000000111101111101001011001010110001001000101101111110100000010010100010100000010000101001000010101101110110110010110111101001001100000011010001111101001111111001110111011000010110000000001000010100001000110001101011110111000001011010011110000001011011010110101100000001011001001001001110000001000101011001111000010110011000111111011100110101101010100000100001100000111001001101011000110000100011111001101111000110001111000011010000000011010000010101100100000010010001100010010100001111000010111001011111101101110000101011001100101001011101101001001101100000010010000010011010111111000000000000101110000010101110010111000000100100111101001010011011111110010000001110010000101000101011101110100101110111110111011100011111101100
70,011011000100011110100100100110000100110101011110111001001111100101011110111111110111101001101101010001000100010111101000100111100000100010000100011111000110101100110111110000010100101111010100001010101111010111100110101100111111101000000000111101111101001011001010110001001000101101111110100000010010100010100000010000101001000010101101110110110010110111101001001100000011010001111101001111111001110111011000010110000000001000010100001000110001101011110111000001011010011110000001011011010110101100000001011001001001001110000001000101011001111000010110011000111111011100110101101010100000100001100000111001001101011000110000100011111001101111000110001111000011010000000011010000010101100100000010010001100010010100001111000010111001011111101101110000101011001100101001011101101001001101100000010010000010011010111111000000000000101110000010101110010111000000100100111101001010011011111110010000001110010000101000101011101110100101110111110111011100011111101100
71,011011000100011110100100100110000100110101011110111001001111100101011110111111110111101001101101010001000100010111101000100111100000100010000100011111000110101100110111110000010100101111010100001010101111010111100110101100111111101000000000111101111101001011001010110001001000101101111110100000010010100010100000010000101001000010101101110110110010110111101001001100000011010001111101001111111001110111011000010110000000001000010100001000110001101011110111000001011010011110000001011011010110101100000001011001001001001110000001000101011001111000010110011000111111011100110101101010100000100001100000111001001101011000110000100011111001101111000110001111000011010000000011010000010101100100000010010001100010010100001111000010111001011111101101110000101011001100101001011101101001001101100000010010000010011010111111000000000000101110000010101110010111000000100100111101001010011011111110010000001110010000101000101011101110100101110111110111011100011111101100
72,000011000100011110100100100110101110110101011110111001001111100011001110101111101111110001111101010001000100010011101100100111100010110010001100011111000110101100111011110000010100101111011100001010101110010111100100011100111111101000100000111101101101001011001010110001001001101111111110100000011110100000100000010000101001000010101101110110110010111111001011000100000011010001111101001111111101110111011000010110000000101000010101001000110011101011110110000001111010011110000001011011010010111100010001011101001001001110010001100101101001111000010110111010111111011100100001101010000001000011000001110101001101010000110010100111101000101101000110001111000111000000100011010000010110100100100010010011100010010100001111010010111001011111111001110000101010001100111001000001101001101101100001010010000010011010101111000000000110101000001000101110011111000000000101011101001010011001111110010000011110010100101001111011101100100100110111110111011100011111111100
73,011011000100011110100100101110000100110001011110111001001111100111001110111111101111101001111101010001000100010111101100100110100010100010000101010111000110101100111111110000010100111111011100011010101010011111101101001100101111101100000000111101111101001011001011110001001001101101010110100000010110100010100000010100101001000010101101110110110010111011101011011100000011010001111101001111111101110111011001010110000000001000010100001000110011101011110110010001011010011110001101011011010110101000010001011001001001001110000001000101111001111000111011111010111111011100100001101010100001000011000100111001001101010000110010100011111000101111000110001011000001010000100011010000010111100100000010010011100010110100001001010011111001011111111101110010101000001110111001011101101001001111100101010010010010011000101110000000001000101001001000101110010111000000100101011101011010111001111110010000001110010001101001101011101100100000110111100111011110010111110100
74,011011000100011110100100101110000100110001011110111001001111100111001110111111101111101001111101010001000100010111101100100110100010100010000101010111000110101100111111110000010100111111011100011010101010011111101101001100101111101100000000111101111101001011001011110001001001101101010110100000010110100010100000010100101001000010101101110110110010111011101011011100000011010001111101001111111101110111011001010110000000001000010100001000110011101011110110010001011010011110001101011011010110101000010001011001001001001110000001000101111001111000111011111010111111011100100001101010100001000011000100111001001101010000110010100011111000101111000110001011000001010000100011010000010111100100000010010011100010110100001001010011111001011111111101110010101000001110111001011101101001001111100101010010010010011000101110000000001000101001001000101110010111000000100101011101011010111001111110010000001110010001101001101011101100100000110111100111011110010111110100
75,011011000100011110100100100110100000100001111110111001001111100101001110111111111101111001101110010001000100010111101000100111100010100010001000011111000110101100011011110000010100111111011100011010111110011111101101011110111111101100100000111101101101001011001010110001001000101111111110100000010110100011100000010001101001000010111101110110000010110111001011011100000011010001111101101111111101110111111000110110000000001000010101001010110011101011110110000001111011011110000101011111010010101000010001011001001001001110010001100101111001111000110010111010111110011100110101101010101011000011100101111001001101011000110010000111101001101111000110001011100011000000100011010000010111100100100010010011100010010100001011000010111001011101111001110000111000001100101001001001101001001101100001010010000110011010011111000000001110101001000000101110011111000000100101011101001010011001111110010000011110010000101001101001101100100101110111110111011010011111101100
76,011011000100011110100100100110100000100001111110111001001111100101001110111111111101111001101110010001000100010111101000100111100010100010001000011111000110101100011011110000010100111111011100011010111110011111101101011110111111101100100000111101101101001011001010110001001000101111111110100000010110100011100000010001101001000010111101110110000010110111001011011100000011010001111101101111111101110111111000110110000000001000010101001010110011101011110110000001111011011110000101011111010010101000010001011001001001001110010001100101111001111000110010111010111110011100110101101010101011000011100101111001001101011000110010000111101001101111000110001011100011000000100011010000010111100100100010010011100010010100001011000010111001011101111001110000111000001100101001001001101001001101100001010010000110011010011111000000001110101001000000101110011111000000100101011101001010011001111110010000011110010000101001101001101100100101110111110111011010011111101100
77,011011010100011110100100100110100100100011111110111001011111100001011110111111111101111001111101010001000100010111101000100111100010100010001000011111000110101100111011110000010100111111010100111010101110011111100100011100101111101100100000111101101101001011001011110001001000101111110110100000011110100001100000010000101001000010111101010110110010111111101001010100000011010001111101101111111001110111111000110110000000001000010101001010110011101011110010010001111011011110000001011111010110111000010001011001001001001110010001100101111001111000110010111010111110011100110101101010101011000011100100111001001101010000110010000111101001101111000110001011100011000000000011010000010111100100100010010011100010010100001011000010111001011111111001110000111000001100101001001001101001001101100000010010000110011010111111000000011100101001000000101110011111000000100101011101001010111001111110010000011110010000101001101001101100100101110111110111011110011111111100
78,010011000100011110100100100110000100110101111110111001000111100001001110111111111101110001111100010001000100000111101000100111100010110010001101011111000110101100111111110010010100111111011100011010011110010111101101001110101111101100100000111101101101001011001010110001011001101101110110100000010110100010100000010001101001000010111101110110110010111011111001011100000011010001111101101111111001110111011001010110000000001000010101001000110011101011100110010001011010011110001101011111010010111100010001011001001001001110010001100101011101111000011110011010111111011100110101101010000011000011000001111101001101010000110010100111101000101111000110001011100011000000100011010000010101100100100010010001100010010100011011000010111001011111111101110010111000001100111001011011101001001101110101010010000110001010111111000000001010101010000000101110011111000000100101011101101010011001111110010000011110010101101001101011101100100101110111110111011110011111101100
79,010011000100011110100100100110100100100001011110111001001111101111000110111111101101110001101100010001000100010111101000100111100010100010001001011111010110101100010011110010000100111111011100011000011110010111100101101100101111101100100000111101101101001011001010110001011000101111110110100000010110100010100000010001101001000010111101110110100000111011101011001100000011010001111101101111111001110111011001010110000000101000010100001000110011101011100110010001011011011110001101011111010010101000010001011001001001001110010001100101011001111000011110111010111111011100110101101010000011000001000001111001001101011000110010000011111000101111000110001111100001000000100011010000010100100000100010010001110010010100001001010010111001011111111101110000111000001100101001001011101001001111100001010010000010011010101110000000000110101010000000101110010111000000100101011101111010011011111110010000001110010000101000101011101110100100110111110111011110011111111100
80,010011000100011110100100100110100000110101011110111001001111100101000110111111101101111001111101010001000100000101101000100110100010100010001100011111000110101100111011110010011100111111011100001010001110011111101101101100101111101100100000111101101101001011001010110001001001101101110110100000011110100000100000010100101001000010101101110110100010110111101001011100000011010001111101001111111001110111111001010110000000101000010101001000110011101011100110000001011011011110000101011111010010101100010001011001001001001110010001100101011001111000010110111010111111011100100101101010000011000011000100110101001101010000110010100011111000101111000110001111100001000000100011010000010111100100100010010011110010011100001011000010111001011111111001110000101000011000111001011011101001001101100101010010000010001010111111000000000110101000001000101110010111000000000101011101111010011001111110010000011100010001101001101011101100100100110111110111011010011111101100
81,010011000100011110100100101110100100110001011110111001001111100111000110111011110111111001111100010001000100000101101000100111100010110010001101011111000110101100011011110010000100111111011100011010111110010111101101001100101111101100100001111101011101001011001010110001001001101101111110100000010110100010100000010101101001000010111101010110110010111111101011011100000011010001111101001111111101110111011000010110000000101000010101001000110001101011110110010001011011011110001101011111010010101100010001011001001001001110000011000101011001111000011110111010111111011100110101101010100001000001100001111101001101011000110010100111111000100111000110000011100101000000000011010000010111100100100010010001100010010100001011000010111001010111111001110010111000001100111001001011101001001111100101010010000010011010111110000000000110101000000000101110011111000000100101011101001010011011111110010000011110010101101001101011101100100101110111110111011100011111111100
82,111011000100011110100100101110100000110101011110111001001111100001001110111011101101110001111100010001000100010011101000100111100010100010000101011111000110101100111111110010000100111111010100011010111110010111100101101100101111101100100000111101111101001011001010110001001001101101110110100000010110100000100000010101101001000010101101110110110010110011001011011100000011010001111101000111111101110111011001010110000000001000010100001000110011101011110110000001011010011110001101011011010010111000010001011001001001001100010001100101111001111000111110011010111111011100110101101010001011000001000001111001001101010000110010100111111000100111000110001111100011000000000011010000010101100100100010010001100000000100001001010010111001010111111001110000101001001100111001001001101001101101100001010010000010011010111111000000000010101010001000001110011111000000100101010101101010011001111110010000001110010001101001101011101110100100110111110111011100011111100100
83,111011000100011110100100101110100000110101011110111001001111100001001110111011101101110001111100010001000100010011101000100111100010100010000101011111000110101100111111110010000100111111010100011010111110010111100101101100101111101100100000111101111101001011001010110001001001101101110110100000010110100000100000010101101001000010101101110110110010110011001011011100000011010001111101000111111101110111011001010110000000001000010100001000110011101011110110000001011010011110001101011011010010111000010001011001001001001100010001100101111001111000111110011010111111011100110101101010001011000001000001111001001101010000110010100111111000100111000110001111100011000000000011010000010101100100100010010001100000000100001001010010111001010111111001110000101001001100111001001001101001101101100001010010000010011010111111000000000010101010001000001110011111000000100101010101101010011001111110010000001110010001101001101011101110100100110111110111011100011111100100
84,111011000100011110100100101110100000110101011110111001001111100001001110111011101101110001111100010001000100010011101000100111100010100010000101011111000110101100111111110010000100111111010100011010111110010111100101101100101111101100100000111101111101001011001010110001001001101101110110100000010110100000100000010101101001000010101101110110110010110011001011011100000011010001111101000111111101110111011001010110000000001000010100001000110011101011110110000001011010011110001101011011010010111000010001011001001001001100010001100101111001111000111110011010111111011100110101101010001011000001000001111001001101010000110010100111111000100111000110001111100011000000000011010000010101100100100010010001100000000100001001010010111001010111111001110000101001001100111001001001101001101101100001010010000010011010111111000000000010101010001000001110011111000000100101010101101010011001111110010000001110010001101001101011101110100100110111110111011100011111100100
85,111011000100011110100100101110100000110101011110111001001111100001001110111011101101110001111100010001000100010011101000100111100010100010000101011111000110101100111111110010000100111111010100011010111110010111100101101100101111101100100000111101111101001011001010110001001001101101110110100000010110100000100000010101101001000010101101110110110010110011001011011100000011010001111101000111111101110111011001010110000000001000010100001000110011101011110110000001011010011110001101011011010010111000010001011001001001001100010001100101111001111000111110011010111111011100110101101010001011000001000001111001001101010000110010100111111000100111000110001111100011000000000011010000010101100100100010010001100000000100001001010010111001010111111001110000101001001100111001001001101001101101100001010010000010011010111111000000000010101010001000001110011111000000100101010101101010011001111110010000001110010001101001101011101110100100110111110111011100011111100100
86,111011000100011110100100101110100000110101011110111001001111100001001110111011101101110001111100010001000100010011101000100111100010100010000101011111000110101100111111110010000100111111010100011010111110010111100101101100101111101100100000111101111101001011001010110001001001101101110110100000010110100000100000010101101001000010101101110110110010110011001011011100000011010001111101000111111101110111011001010110000000001000010100001000110011101011110110000001011010011110001101011011010010111000010001011001001001001100010001100101111001111000111110011010111111011100110101101010001011000001000001111001001101010000110010100111111000100111000110001111100011000000000011010000010101100100100010010001100000000100001001010010111001010111111001110000101001001100111001001001101001101101100001010010000010011010111111000000000010101010001000001110011111000000100101010101101010011001111110010000001110010001101001101011101110100100110111110111011100011111100100
87,111011000100011110100100101110100000110101011110111001001111100001001110111011101101110001111100010001000100010011101000100111100010100010000101011111000110101100111111110010000100111111010100011010111110010111100101101100101111101100100000111101111101001011001010110001001001101101110110100000010110100000100000010101101001000010101101110110110010110011001011011100000011010001111101000111111101110111011001010110000000001000010100001000110011101011110110000001011010011110001101011011010010111000010001011001001001001100010001100101111001111000111110011010111111011100110101101010001011000001000001111001001101010000110010100111111000100111000110001111100011000000000011010000010101100100100010010001100000000100001001010010111001010111111001110000101001001100111001001001101001101101100001010010000010011010111111000000000010101010001000001110011111000000100101010101101010011001111110010000001110010001101001101011101110100100110111110111011100011111100100
88,111011000100011110100100101110100000110101011110111001001111100001001110111011101101110001111100010001000100010011101000100111100010100010000101011111000110101100111111110010000100111111010100011010111110010111100101101100101111101100100000111101111101001011001010110001001001101101110110100000010110100000100000010101101001000010101101110110110010110011001011011100000011010001111101000111111101110111011001010110000000001000010100001000110011101011110110000001011010011110001101011011010010111000010001011001001001001100010001100101111001111000111110011010111111011100110101101010001011000001000001111001001101010000110010100111111000100111000110001111100011000000000011010000010101100100100010010001100000000100001001010010111001010111111001110000101001001100111001001001101001101101100001010010000010011010111111000000000010101010001000001110011111000000100101010101101010011001111110010000001110010001101001101011101110100100110111110111011100011111100100
89,010011000100011110100100101110000000110001011110111001001111100001001110111011101101110101101100010001000100010111101010100111100010110010000101011111000110101100011011110010000100111111011100001011101110011111100101011100101111101100100000111101101101001011001011110001001001101101110110100000011110100010100000010101101001000010101101110110100010110011101011011100000011010001111101000111111101110111011001010110000000101000010100001000110011101011110110000001011010011110001101011011010010111000010001011001001001001110010011000101111001111000011110111000111111011100100001101010001001000011100101111001001101010000110010100111111000100111000110001111100011000000000011010000010101110100100010010001100010000100001011000010111001011111111001110000111001011100101001011011101001001101100001010010000010001010111111000000000110101010001000101110011111000000100101011101101010011001111110010000011110010101101001101011101100100100110111110111001010011011100100
90,010011000100011110100100101110000000110001011110111001001111100001001110111011101101110101101100010001000100010111101010100111100010110010000101011111000110101100011011110010000100111111011100001011101110011111100101011100101111101100100000111101101101001011001011110001001001101101110110100000011110100010100000010101101001000010101101110110100010110011101011011100000011010001111101000111111101110111011001010110000000101000010100001000110011101011110110000001011010011110001101011011010010111000010001011001001001001110010011000101111001111000011110111000111111011100100001101010001001000011100101111001001101010000110010100111111000100111000110001111100011000000000011010000010101110100100010010001100010000100001011000010111001011111111001110000111001011100101001011011101001001101100001010010000010001010111111000000000110101010001000101110011111000000100101011101101010011001111110010000011110010101101001101011101100100100110111110111001010011011100100
91,010011000100011110100100101110000000110001011110111001001111100001001110111011101101110101101100010001000100010111101010100111100010110010000101011111000110101100011011110010000100111111011100001011101110011111100101011100101111101100100000111101101101001011001011110001001001101101110110100000011110100010100000010101101001000010101101110110100010110011101011011100000011010001111101000111111101110111011001010110000000101000010100001000110011101011110110000001011010011110001101011011010010111000010001011001001001001110010011000101111001111000011110111000111111011100100001101010001001000011100101111001001101010000110010100111111000100111000110001111100011000000000011010000010101110100100010010001100010000100001011000010111001011111111001110000111001011100101001011011101001001101100001010010000010001010111111000000000110101010001000101110011111000000100101011101101010011001111110010000011110010101101001101011101100100100110111110111001010011011100100
92,110011000100011110100100100010000000110001011110111001001111100011000110111111111111110001111100010001000100010101101100100111100010100010001000011111000110101100011111110000010100111111010100011011001110011111101101011110101111101100100000111101111101001011001010110001001001101101110110100000011110100001100000010101101001000010111101110110110000110111001011011110000011010001111101001111111101110111011001010110000000101000010100001000110011101011110110010001011011011110001101011011010010111100010001011001001001001100010001100101011001111000011110011000111111011100100001101010000011000011100000110101001101010000110010100011111000100111000110001111100011000000100011010000010111100110100010011001100010000100001001000010111001010111111001110000111001011100101001011001101011001101110101010010000110011010111111000000000110101000000000101110010111000000000101111101001010011001111110010000011110010001101001101011101110100101110111110111011010011011111100
93,110011000100011110100100100110100000110001011110111001001111100111000110111011101101110001111100010001000100010011101100100111100000100010000101011111000110101100111111110010010100111111010100010010101110011111101101111100111111101100100000111101101101001011001010110101001001101101110110100000011110100000100000010100101001000010111101110110110000110111101011011100000011010001111101001111111101110111011001010110000000101000110101001000110011101011110110000001011011011111001101011010010010101000010001011001001001001100010001000101011001111000011010111000111110011100010101101010100011000011100100111001001101011000110010100011111000100110000110001111000011000000100011010001010111100110100010010001100010010100001001010011111001010101111001110000111000011100101001001011101001001101100101010010010010011010101111100000000110101010001000101110010111000000100101111101001010011001111110010000011110010001101001101011101110101100110111110111001110011111110100
94,010011000100011110100100100110100000110101011110111001001111101011001110111011101101110001101100010001000100010111101000100111100010110010000000011111000110101100111111110000010100111111010100011010001110011111101101011100111111101100100000111101111101001011001010110001001001101111110110100000011110100010100000010100101001000010101101110110100010110011101011011110000011010001111101001111111001110111011001010110000000001000010100001000110011101011110110010001011011011111000101011011010110101000010001011001001001001110000001100101111001111000011110111010111110011100000001101010001011000001100100110001001101011000110010100011111001100110000110001111000011000000000011010000010111100110100010010001100010010100011011010011111001011111111101110000111001001100101001001011101001001101110101010010000010011010101111000000000000101110000000101110010111000000100101011101101010011001111110010000011110010001101001101011101110100100110111110111011110011111101100
95,010011000100011110100100100110100000110101011110111001001111101011001110111011101101110001101100010001000100010111101000100111100010110010000000011111000110101100111111110000010100111111010100011010001110011111101101011100111111101100100000111101111101001011001010110001001001101111110110100000011110100010100000010100101001000010101101110110100010110011101011011110000011010001111101001111111001110111011001010110000000001000010100001000110011101011110110010001011011011111000101011011010110101000010001011001001001001110000001100101111001111000011110111010111110011100000001101010001011000001100100110001001101011000110010100011111001100110000110001111000011000000000011010000010111100110100010010001100010010100011011010011111001011111111101110000111001001100101001001011101001001101110101010010000010011010101111000000000000101110000000101110010111000000100101011101101010011001111110010000011110010001101001101011101110100100110111110111011110011111101100
96,110011000100011110100100100110100000110001011110111001001111101111001110111011111101111001101101010001000100010011101100100111100010100010001001011111000110101100011111110010010100111111011100011011111110011111100101011110101111101100100000111101111101001011001010110101001000101101110110100000010110100010100000010101101001000010101101110110100010110011101011011110000011010001111101001111111101110111011001010110000000001000010100001000110011101011110110000001011011011110001101011011010010111000010101011001001001001110010001100101111001101000010110111000111111011100110101101010001011000011100101111001001101010000110010100011111001100110000110001111100011000000100011110000010111100100100010010001100000010100001011000010111001011111111001110000111001001100101001001001101001001101110101010010000010011010101111000000000000101110000000101110010111000000000101111101101010111001111110010000011110010000101001101011101100100100110111100111011110011011100100
97,010011000100011110100100101110000100100001011110111001001111100111001110111011101101111001111101010001000100010111101000100111100010110010000101011111000110101100011111110010000100111111010100010011101110010111100100011110101111101100100000111101111101001011001011110001001001101111110110100000010110100010100000010101101001000010101101110110010000110011101001011100000011010001111101100111110001110111011000010110000000001000010100001000110011101011100110000001011011011110000001011011010010111100010101011001001001001110010001100101011001111000011010111000111111011100110001101010101011000011100100110001001101010000110010100011111000100111000110001111100011000000100011010000010111100100100010010001100010010100001001010010111001011111111001110000111000001100111001000001101001001101110101010010000010001010111110100000000110101010000000101110010111000000100101011101101010011001111110110000001110010101101000101001101100100000110111110111001010011111110100
98,110011000100011110100100110110000000110001011110111001001111100001000110111011101101111001111100010001000100010101101100100111100010100010000001011111000110101100011011110010010100111111011100010011010110010111101100001110101111101100100000111101111001001011001010110001001000101111110110100000010110100010100000010001101001000010101101110110000010111011101001011100000011010001111101101111111101110111011000010110000000101000010100001000110011101011100110000001011010011110001001011011010010101100010001011001001001001100010001100101001001111000011010111000111111011100100001101010001011000011000100111101001101010000110010100111111000100111000110001111000101000000100011010000010101100110100010011001100000010100001011000010111001011111111101110000111000001100101001001011101001001101110101010010000010011010111111000000001010101110000000101110011111000000100101011101101010011001111110010000011110010101101001101011101100100100110111110111001110011111110100
99,110011000100011110100100110110000000110001011110111001001111100001000110111011101101111001111100010001000100010101101100100111100010100010000001011111000110101100011011110010010100111111011100010011010110010111101100001110101111101100100000111101111001001011001010110001001000101111110110100000010110100010100000010001101001000010101101110110000010111011101001011100000011010001111101101111111101110111011000010110000000101000010100001000110011101011100110000001011010011110001001011011010010101100010001011001001001001100010001100101001001111000011010111000111111011100100001101010001011000011000100111101001101010000110010100111111000100111000110001111000101000000100011010000010101100110100010011001100000010100001011000010111001011111111101110000111000001100101001001011101001001101110101010010000010011010111111000000001010101110000000101110011111000000100101011101101010011001111110010000011110010101101001101011101100100100110111110111001110011111110100
100,010011000100011110100100100110100000110001011110111001001111101101000110111111101101111001101101010001000100010001101100100101100010100010000101011111000110101100111111110010000100111111010100011011001110010111101101011100111111101100100000111101101100001011001010110101001001101111110110100000011110100010100000010101101001000010111101110110100000110011101011011110000011000001111101001111110101110111011001010110000000001000010100001000110011101011110110010001011011011110000001011011010010111100010001011001001001001110010001100101111001111000011110111000111111011100110101101010100011000011100100110101001101010000110010100011111000100110000110001111100011000000000011010000010111100100100010010001100010010100011001010010111101011111111001110000111000001100101001001001101001001101100101010010010010011010111110000000000110101010000000101110010111000100100101011101101010011001111110010000011110010001101001101011001100100100110111110111011010011111110100
101,010011000100011110100100100110100000110001011110111001001111101101000110111111101101111001101101010001000100010001101100100101100010100010000101011111000110101100111111110010000100111111010100011011001110010111101101011100111111101100100000111101101100001011001010110101001001101111110110100000011110100010100000010101101001000010111101110110100000110011101011011110000011000001111101001111110101110111011001010110000000001000010100001000110011101011110110010001011011011110000001011011010010111100010001011001001001001110010001100101111001111000011110111000111111011100110101101010100011000011100100110101001101010000110010100011111000100110000110001111100011000000000011010000010111100100100010010001100010010100011001010010111101011111111001110000111000001100101001001001101001001101100101010010010010011010111110000000000110101010000000101110010111000100100101011101101010011001111110010000011110010001101001101011001100100100110111110111011010011111110100
102,110011000100011110100100110110000000110001011110111001001111100101001110111011111101111001111100010001000100010001101100100111100010100010000101011111000110101100011011110010010100111111001100011011001110011111100101011100101111101100100000111101111101001011001010110001001001101111110110100000010110100010100000011001101001000010111001110110100000111011001011011110000011000001111101110111111101110111011001010110000000001000010101001000110011101011100110010001011011011110000001011011010110111000010001011001001001001110011001000101011001111000011010011010111110011100100001101010001011000011100100111101001101010000110010100111111000100110000110001111100001000000100011010000010111100100100010010011100000010101001011010010111101011111111101110000111000001100101001001001101001001101100101010010000010011010111111000000000110101110000000101110011111000100100101111101101010011001111110010000011110010101101001101011001100100100110111110111001010011111100100
103,010011000100011110100100100110100000110001011110111001001111100001000110111011101101111001101101010001000100010011101100100111100010110010001101011111000110101100011111110000010100111111011100011011011110011111100101011110101111101100100000111101111101001011001010110001001001101101110110100000011110100010100000010001101001000010111111110110100010111011101011011110000011000001111101101111110101110111011000010110000000001000010100001000110011101011100110010001011011011111000101011010010010101100010001011001001001001110000001100101011001111000011010111010111111011100110101101010100011000011000100110001001101010000110010100111111001100110100110001111000001000000100011010000010101100101100010011001100000010100001011000010111001011111111101110000111000001100101001001011101001001101100101010010000010011000111110000000000110101110000000101110011111000000100101111101101010011001111110010000011110010001101001101011101100100101110111110111011010011111110100
104,010011000100011110100100110110100000110001011110111001001111100101001110111011101101111001101101010001000100010101101100100111100010100010000101011111000110101100111111110010010100111111001100011011001110010111100100011110101111101100100000111101111100001011001010110001001001101111110110100000011110100010100000011101101001000010111101110110100010111011101011011110000011000001111101101111111101110111011001010110000000101000010101001000110011101011100110010001011011011110001001011011010010111000010001011001001001001110010001000001011001111000011010111000111111011100100101101010000011000011100100111101001101010000110010100111111000100110000110001111100001010000100011010010010111100110100010010001100000010100011011000010111001011111111101110000111000001100101001011001101001001101110101010011000110011010111110000000000100101110001000101110011111000100000101011101101010011001111110011000011110010101101001101011101100100101110111110111011110011111111100
105,010011000100011110100100110110100000110001011110111001001111100101001110111011101101111001101101010001000100010111101100100111100010100010000101011111000110101100011111110000010100111111011100011011011110011111100101011110101111101100100000111101111101001011001010110001001001101111110110100000011110100010100000010001101001000010111111110110100010111011101011011110000011000001111101101111110101110111011000010110000000101000010101001000110011101011100110010001011011011110001001011010010010101100010001011001001001001110000001100001011001111000011010111000111111011100100101101010100011000011000100110101001101010000110010100111111001100110100110001111100001000000100011010000010101100100100010010001100000010100001011000010111001011111111101110000111000001100101001011001101001001101110101010010000110011000111110000000000110101110001000101110011111000100100101111101101010011001111110011000011110010101101001101011101100100101110111110111011110011111110100
106,110011000100011110000100101110000000110001011110111001001111100000001110111011101101111001101101010001000100010111101110100110100000100010011101011111000110101100011011110010001100111111010100010010001110010111101101011110101111101100100000111101101101001011001010110001001001101101110110100000011110100010100000010001101001000010111101110110110000111011101011001110000011000001111101001111111101110111011001010110000000001000010100001000110011101011110110010001011010011110000101011011010010111110010001011001001001001110000001000101011001111000010010011010111111011100110001101010101011000011100100111101001101010000110010100111111001100110000110001111100011000000100011010001010101100100100010010001100000010101101001010010111001010111111101100000111001001100101001001001101001001101110101010010010010011010111110100000001010101010000000101110011111100100100101011101101010011001111110010000011110010001101001101011101110100100110111110111011010011111110100
107,110011000100011110000100101110000000110001011110111001001111100000001110111011101101111001101101010001000100010111101110100110100000100010011101011111000110101100011011110010001100111111010100010010001110010111101101011110101111101100100000111101101101001011001010110001001001101101110110100000011110100010100000010001101001000010111101110110110000111011101011001110000011000001111101001111111101110111011001010110000000001000010100001000110011101011110110010001011010011110000101011011010010111110010001011001001001001110000001000101011001111000010010011010111111011100110001101010101011000011100100111101001101010000110010100111111001100110000110001111100011000000100011010001010101100100100010010001100000010101101001010010111001010111111101100000111001001100101001001001101001001101110101010010010010011010111110100000001010101010000000101110011111100100100101011101101010011001111110010000011110010001101001101011101110100100110111110111011010011111110100
108,010011000100011110000100100110100000110001011110111001001111100001000110111011111101111001101101010001000100010001101100100111100000100010010101011111000110101100111011110010011100111111011100010011000110010111101100011110101111101100100000111101111101001011001010110001001001101101110110100000010110100010100000010101101001000010101111110110100000111011001011011110000011000001111101101111110101110111011001010110000000001000010100001000110011101011100110010001111011011110001101011011010010111110010001011001001001001110000001000101011001111000011010111010111111011100100001101010001011000011100100111001001101010000110010100011111000100110000110001111100111000000100011110000010111100100100010010001100010010101111001000010111001011111111101100000111001001100101001001011101001001001110101010010000010011010111110000000000000101110000000101110010111000000100101011101101010011001111110010000011110010001101001101011101100100100110111110111011010011111110100
109,110011000100011110100100100110100000110001011110111011001111100001001110111011101101111001111101010001000100010011101100100111100010100010000101011111000110101100111111110000010100111111011100011011001110010111100101111110101111101100100000111101011101001011001010110001001000101111110110100000010110100010100000010101101001000010111101110110100000111011101011011100000011000001111101100111110101110111011001010110000000001000010100001000110011101011110110010001011011011110000101011011010010111000010001011001001001001110010001100101011001111000111010011010111111010100100001101010100011000011100101110001001101010000110010100011101001100110000110001111100001000000100011110000010101100100100010010001100000010100001011000010111001011111111001110000111001001100101001001011101001001101110101010010000110011010111110000000000110101110000000101110010111000000100101111101101010011001111110011000011110010001101001101011101100100000110111110111011010011111100100
110,110011000100011110100100101110100001110001011110111001001111101001000110111011101101111001111101010001000100010111101010100111100010100010001101011111000110100100111111110010000100111111010100011010001110010111101101011100101111101100100000111101011101001011001010110001001001101111110110100000010110100010100000010001101001000010111101110110100000110011101011011110000011000001111101001111110101110111011000010110000000001000010100001000110011101011100110010001011011011111000101011011010010101100010001011001001001001110010001000001011001101000010010111000111111011100100001101010101011000011100101110101001101010000110010100111111001100110100110001111100101010000100011010011010101100110100010010001100000010100001001000010111101011111111001110000111001001100101001011011101001001101110101010010000010011010111110100000000100101110000010101110011111000000100101011101101010011001111110011000011110000001101001101011101100100100110111110111001110011111110100
111,110011000100011110100100101110100001110001011110111001001111101001000110111011101101111001111101010001000100010111101010100111100010100010001101011111000110100100111111110010000100111111010100011010001110010111101101011100101111101100100000111101011101001011001010110001001001101111110110100000010110100010100000010001101001000010111101110110100000110011101011011110000011000001111101001111110101110111011000010110000000001000010100001000110011101011100110010001011011011111000101011011010010101100010001011001001001001110010001000001011001101000010010111000111111011100100001101010101011000011100101110101001101010000110010100111111001100110100110001111100101010000100011010011010101100110100010010001100000010100001001000010111101011111111001110000111001001100101001011011101001001101110101010010000010011010111110100000000100101110000010101110011111000000100101011101101010011001111110011000011110000001101001101011101100100100110111110111001110011111110100
112,110011000100011110100100101110100001110001011110111001001111101001000110111011101101111001111101010001000100010111101010100111100010100010001101011111000110100100111111110010000100111111010100011010001110010111101101011100101111101100100000111101011101001011001010110001001001101111110110100000010110100010100000010001101001000010111101110110100000110011101011011110000011000001111101001111110101110111011000010110000000001000010100001000110011101011100110010001011011011111000101011011010010101100010001011001001001001110010001000001011001101000010010111000111111011100100001101010101011000011100101110101001101010000110010100111111001100110100110001111100101010000100011010011010101100110100010010001100000010100001001000010111101011111111001110000111001001100101001011011101001001101110101010010000010011010111110100000000100101110000010101110011111000000100101011101101010011001111110011000011110000001101001101011101100100100110111110111001110011111110100
113,110011000100011110100100101110100001110001011110111001001111101001000110111011101101111001111101010001000100010111101010100111100010100010001101011111000110100100111111110010000100111111010100011010001110010111101101011100101111101100100000111101011101001011001010110001001001101111110110100000010110100010100000010001101001000010111101110110100000110011101011011110000011000001111101001111110101110111011000010110000000001000010100001000110011101011100110010001011011011111000101011011010010101100010001011001001001001110010001000001011001101000010010111000111111011100100001101010101011000011100101110101001101010000110010100111111001100110100110001111100101010000100011010011010101100110100010010001100000010100001001000010111101011111111001110000111001001100101001011011101001001101110101010010000010011010111110100000000100101110000010101110011111000000100101011101101010011001111110011000011110000001101001101011101100100100110111110111001110011111110100
114,010011000100011110100100100110101001110001011110111001001111101001001110111111101101111001111101010001000100010011101100100111100000100010010101011111000110101100011111110010010100111111010100011011001110011111101100011110101111101100100000111101111101001011001010110001001001101111110110100000010110100010100000010001101001000010111101110110100000111011101011011110000011000001111101011111110101110111011000010100000000001010010100001000110011101011110110010001011011011110000001011010010010101100010001011001000001001110000001000101011001111000010010111000111110011100100001101010001011000011100100111101001101010000110010100011111001100110000110001111100011000000100011010000010101100100100010010001100000010100101001000010111001010111111001100000111000001100101001011011111001001101110101010010000010011010101110100000000100101110000000101110010111000000101101111101101010011001111110010000011110010001101001101011101100100101110111110111001010011111110100
115,110011000100011110100100100110100000110001011110111001001111100001001110111111101101111001111100010001000100010111101010100110100000100010001001011111000110101100011111110010010100111111010100011011011110011111100100001100111111101100100000111101011101001011001010110001001001101111110110100000010110100010100000010101101001000010111101110110100000110011101011011110000011010001111101101111110101110111011001010110000000001000010100001000110011101011100110010001011011011110000001011011010010101010010001011001001001001110010001000101011001111000010010011010111111011100110001101010101011000011100100111001001101010000110010100011111001100110000110001111100101000001000011110000010101100110100010010001100000010100011011000010111001010111111001110000111001001100101001011011101001001101110101010010000010011010111110100000000000101010000010101110010111000000101101011101101010011001111110011000011110010001101001101111101100100001110111110111011010011111110100
116,110011000100011110100100100110100000110001011110111001001111100001001110111111101101111001111100010001000100010111101010100110100000100010001001011111000110101100011111110010010100111111010100011011011110011111100100001100111111101100100000111101011101001011001010110001001001101111110110100000010110100010100000010101101001000010111101110110100000110011101011011110000011010001111101101111110101110111011001010110000000001000010100001000110011101011100110010001011011011110000001011011010010101010010001011001001001001110010001000101011001111000010010011010111111011100110001101010101011000011100100111001001101010000110010100011111001100110000110001111100101000001000011110000010101100110100010010001100000010100011011000010111001010111111001110000111001001100101001011011101001001101110101010010000010011010111110100000000000101010000010101110010111000000101101011101101010011001111110011000011110010001101001101111101100100001110111110111011010011111110100
117,110011000100011110100100100010100000110001011110111001001111101001000110111011111101111001101101010001000100010101101100100111100010100010011101011111000110101100011011110010010100111111010100011011011110011111101100011110101111101100100000111101011101001011001010110001001000101111100110100000010110100010000000010101101001000010111111110110100010110011001011011110000011010001111001100111110101110111011000010110000000001000010100001000110011101011110110010001011011011110000001011011010010101100010001011001001001101110010001000101011001101000110010111010111111011100100001101010101011000011100100111101001101010000110010100111101001100110000110001111000101000000000011010000010101100110100010010001100000010100111011000010111001010111111001110000111001001100101001000011101001001101110001010010000110011010111110100000001100101010000010101110011111100000100101011101101010011001111110010000011110010001101001101011101100100101110111110111011110011111110100
118,110011000100011110000100100110000000110001011110111001001111101001000110111011111101111001101101010001000100010001101110100111100010100010001001011111000110101100111111110010010100111111010100010011001110011111100101111100101111101100100000111101111101001011001010110101001001101011110110100000010110100010100000010001101001000010111101110110100000110011101011011110000011000001111101010111110001110111011000010110000000001000010100001000110011101011100110010001011011011110000001011011010010111000010001011001001001001100000001100101011001111000010010111000111110011100100001101010100011000011100100011001001101010000110010100011111000100110000110001111100001000000100011010010010101100110100010010001100010010100001001000010111101011111111001110000111001001100101001011001101001001101110001010010000110011010111110100000000110101110000000101110010111000000100101011101101010011001111110010000011110010001101001101011101110100100110111110111011010011111110100
119,110011000100011110100100100110000000110001011110111001001111101001001110111111111101111001001101010001000100010101101100100111100010100010001101011111000110101100011011110010010100111111011100011011001110010111101101011110001111101100100000111101111101001011001010110101001000101111100110100000010110100010100000010101101001000010111111110110100010110011001011011110000011000001111001011111110101110111011001010110000000001000010100001000110011101011100110010001011011011110000101011011010010111100010001011001001001001110010001000001011001111000011010011000111111011100100001101010101011000011100100111101001101010000110010100011111001100110000110001111100011000000000011010000010101100100100010010001100010010100101001010010111001011111111001100000111001001100101001001011101001001101110001010010000110011000111110100000001110101110000000101110010111000000100101011101101010011001111110010000011110010001101001101011101100100100110111110111001010011111110100
120,110011000100011110100100100110000000110001011110111001001111101001001110111111111101111001001101010001000100010101101100100111100010100010001101011111000110101100011011110010010100111111011100011011001110010111101101011110001111101100100000111101111101001011001010110101001000101111100110100000010110100010100000010101101001000010111111110110100010110011001011011110000011000001111001011111110101110111011001010110000000001000010100001000110011101011100110010001011011011110000101011011010010111100010001011001001001001110010001000001011001111000011010011000111111011100100001101010101011000011100100111101001101010000110010100011111001100110000110001111100011000000000011010000010101100100100010010001100010010100101001010010111001011111111001100000111001001100101001001011101001001101110001010010000110011000111110100000001110101110000000101110010111000000100101011101101010011001111110010000011110010001101001101011101100100100110111110111001010011111110100
121,110011000100011110100100100110000000110001011110111001001111101001001110111111111101111001001101010001000100010101101100100111100010100010001101011111000110101100011011110010010100111111011100011011001110010111101101011110001111101100100000111101111101001011001010110101001000101111100110100000010110100010100000010101101001000010111111110110100010110011001011011110000011000001111001011111110101110111011001010110000000001000010100001000110011101011100110010001011011011110000101011011010010111100010001011001001001001110010001000001011001111000011010011000111111011100100001101010101011000011100100111101001101010000110010100011111001100110000110001111100011000000000011010000010101100100100010010001100010010100101001010010111001011111111001100000111001001100101001001011101001001101110001010010000110011000111110100000001110101110000000101110010111000000100101011101101010011001111110010000011110010001101001101011101100100100110111110111001010011111110100
122,110011000100011110100100100010100001110001011110111001001111101001000110111011111101111001101101010001000100010111101100100110100010100010000101011111000110101100011111110010010100111111010100011011001110011111101100011100101111101100100000111101011101001011001010110101001001101011100110100000010110100010100000010001101001000010111101110110100010110011001011011110000011000001111101011111110101110111011001010110000000101000010100001000110011101011100110010001011011011110000101011111010010111100010001011001001001001110010001000101011001101000010010111010111111011100100001101010100011000011100100111101001101010000110010100111111001100110000110001111100011000000100011010010010101100100100010010001000000010100001011000011111101010011111101110000111001001100101001001001101001001101110101010010000010011010111110100000001010101010000000101110011111100000100101011101101010011001111110010000011110010001101001101011101100100100110111110111011110011111110100
123,110011000100011110000100100110000000110001011110111001001111101001000110111011111101111001111101010001000100010111101100100111100000100010010101011111000110101100011111110010010100111111010100010010001110011111101100001100101111101100100000111101011101001011001010110101001001101111100110100000010110100010100000010001101001000010111101110110110000110011001011011110000011000001111101010111110101110011011001010110000000001000010100001000110011101011100110010001011001011110000101011011010010111100010001011001001001001110010001000101011001111000010010111010111110011100100001101010101011000011100100111101001101010000110010100011111001100110000110001111000001000000000011010011010101100110100010010001100010010100001001000010111101011111111001110000111000001100101001011001101001001101110101010010000010001000111110100000001110101010000000101110010111000000101101011101101010011001101110010000011110010001101001101011001100100100110111110111011010011111100100
124,110011000100011110000100100010100000110001011110111001001111101000000110111011111101111001011101010001000100010111101110100110100010100010000001011111000110101100011011110010010100111111011100010010001110011111101101011110001111101100100100111101111101001011001010110101001001101111110110100000011110100010100000010001101001000010111111110110100000110011101011011110000011000001111001011111110101010111011001010110000000001000010101001000110011101011100110010001011011011111000101011011010110111000010001011001001001001110010001000001011001101000110010011000111111011100100001101010101011000011100100111001001101010000110010100011111001100110000110001111100011000000100011010000010101100100100010010001100010010100101001000010111001010111111001110000111000001100101000011011101001001101110001010010000110011000111111100000000110101110000000101110010111000000100101011101101010011001111110010000011110010101101001101011101100100100110111110111011010011111110100
125,110011000100011110000100100110000000110001011110111001001111101001001110111011111101111001101101010001000100110111101000100110100010100010001001011111000110101100111111110010010100111111010100011011001110011111101100001100101111101100100000111101111101001011001010110101001001101111100010100000010110100010100000010001101001000010111101110110100010110011001011011110000011000001111101010111110101110011011001010110000000001000010100001000110011101011100110010001011011011110000101011111010010101100010001011001001001001110010001000101011001101000110010111010111110011100100001101010000011000011100101110101001101010000110010100111111001100110000110001111100001000000100011010010010101100100100010010001000000010100101001000011111001011111111101110000111001001100101001001011101001001101110101010010000110011010111110100000000110101110000000101110011111000000100101011101101010011001101110010000011110010101101001101011101100100100110111110111011110011111100100
126,110011000100011110000100100110100000110001011110111001001111100001000110111011111101111001101100010001000100010111101000100110100010100010001101011111000110101100111111110010010100111111010100010011001110011111100100011100101111101100100000111101111101001011001010110101001001101111100110100000010110100010100000010001101001000010101101110110100010110011001011011110000011000001111001011111110101110111011001010110000000001000010100001000110011101011100110010001011011011111000101011011010010111100010101011001001001001100010001000101011001111000110010111010111111011100100001101010001011000011100100111101001101010000110010100111111001100110000110001111100011000000100011010000010101100100100010010001100010010100101001000010111001010111111001110000111000001100101001011011101001001101110101010010000010011000111110100000000110101110000000101110011111000100100101011101101010011001111110010000011110010001101001101011101100100100110111110111011110011111110100
127,110011000100011110000100100110100000110001011110111001001111100001000110111011111101111001101100010001000100010111101000100110100010100010001101011111000110101100111111110010010100111111010100010011001110011111100100011100101111101100100000111101111101001011001010110101001001101111100110100000010110100010100000010001101001000010101101110110100010110011001011011110000011000001111001011111110101110111011001010110000000001000010100001000110011101011100110010001011011011111000101011011010010111100010101011001001001001100010001000101011001111000110010111010111111011100100001101010001011000011100100111101001101010000110010100111111001100110000110001111100011000000100011010000010101100100100010010001100010010100101001000010111001010111111001110000111000001100101001011011101001001101110101010010000010011000111110100000000110101110000000101110011111000100100101011101101010011001111110010000011110010001101001101011101100100100110111110111011110011111110100
128,110011000100011110000100100110100000110001011110111001001111101001000110111011111101111001101101010001000100010111101100100111100010100010000101011111000110100100011111110010010100111111010100010011011110011111101100001100101111101100100100111101101101001011001010110101000001101111100110100000011110100010100000010001101001000010111101110110100010110011001011011110000011000001111001000111110001110111011001010110000000001000010100001000110011101011110110010001011011011110000101011111010010111100010101011001001001001100010001000001011001101000010010111000111110011100110001101010101011000011100100110001001101010000110010100111111000100110000110001111000011000000100011010000010101100110100010010001100010010100101011000011111101010111111001110000011001001100101000001001101001001101110101010010000110011010111110100000001110101110000000101110011111000000100101011101101010011001111110010000011110010101101001101011101100100100100111110111011010011111100100
129,110011000100011110000100100110100000110001011110111001001111101000000110111011111101111001111101010001000100010111101000100111100010100010000101011111000110100100011111110010010100111111010100010011011110011111101100011100101111101100100000111101101101001011001010110001000001101111100110100000011110100010100000010001101001000010101101110110100010110011001011011110000011000001111101010111110001110111011001010110000000001000010100001000110011101011110110010001011011011110000101011011010010111100010001011001001001001110010001000001011001101000010010111000111110011100110001101010100011000011100100110001001101010000110010100111111000100110000110001111000011000000100011010000010101100100100010010001100010010100101011000011111101010111111001110000111001001100101001011011101001001101110101010010000110011010111110100000001110101010000000101110011111000000100101011101101010011001111110010000011110010101101001101011101100100000100111110111001010011111100100
130,110011000100011110100100100110100000110001011110111001001111100001000110111011111101111001101101010001000100110001101100100110100000100010001101011111000110101100011011110010010100111111010100011011001110011111101101011100101111101100100000111101111101001011001010110101001001101111100110100000011110100010100000010001101001000010111101110110100010110011101011011110000011000001111001010111110101110111011001010110000000001000010100001000110011101011100110010001011011011111000101011011010010111100010101011001111001001110010101100001011001101000011010111000111110011100100001100010001011000011100101111001001101010000110010100111111000100110000110001111000001000000000010010000010101100110100010010011000010010100001001000011111101011111111001110000101000001100101000001001111001001101110101010010000110011010111110100000000010101010000000101110011111000000100101011101101010011001111110010010011110010001101001101011101100100100110111110111001010011111110100
131,110011000100011110100100100110000000110001011110111001001111101001001110111011111101111001111101010001000100010101101100100111100010100010001101011111000110101100111111110010010100111111011100011011011110011111101101001100101111101100100000111101111101001011001010110101001000101111100110100000010110100010100000010001101001000010111101110110100010110011001011011110000011010001111101010111110101110111011001010110000000001000010100001000110011101011110110010001011011011111000101011011010010111100010101011001011001001110010001000001011001101000011010111000111110011100110001101010001011000011100101111001001101010000110010100011111001100110000110001111100001000000000011010001010101100100100010010001100010010100001011000010111101011111111001110000111001001100101000001011101001001101110101010010000110011010111110100000001110101110000000101110010111000100100101011101101010011001111110010010011110010001101001101011101100100100110111110111011010011111110100
132,110011000100011110100100100110100000110001011110111001001111100001000110111011111101111001101101010001000100110001101100100110100010100010011100011111000110101100011011110010010100111111010100011011001110011111101101011100101111101100100000111101011101001011001010110101001001101111100110100000011110100010100000010001101001000010111101110110100010111011101011011110000011000001111001010111110101110111011001000110000000001000010100001000110011101011100110010001011011011111000101011011010010111100010101011001101001001110010101100001011001101000011010111000111110011100100001101010001011000011100101111001001101010000110010100111111000100110000110001111000001000000000010010000010101100110100010010011000010010100001001000011111101011111111001110000101000001100101000001001111001001101110101010010000110011000111111100000000010101110000000101110011111000000100101011101101010011001111110010010011110010001101001101011101100100100110111110111011110011111110100
133,110011000100011110000100100110100000110001011110111001001111101001000110111011111101111001111101010001000100110111101110100111100000100010000101011111000110101100011011110010010100111111011100011011011110011111101100011100101111101100100000111101101101001011001010110101001001101111100110101000011110100010100000010001101001000010111101110110100000110011001011011110000011000001111001000111110101110111011001010110000000001000010001001000110011101011100110010001011011011110000101011111010010111100010001011001011001001110010001100001011001101000111010111010111110011100100001101110000011000011100100110001001101010000110000100011111001100110000110001111100011000000100011010000010101100100100010010001000010010100011001000010111001011111111001110000101000001100101000001011101001001101110101010010000010001000111110100000001010101110000000101110010111000100100101011101101010011001111110010000011110010101101001001011101100100100110111110111011010011111110100
134,110011000100011110100100100110100000110001011110111001001111100001001110111011111101111001101101010001000100010111101100100111100000100010001101011111000110101100111111110010010100111111010100010010011110011111100101001100101111101100100000111101111101001011001010110101000000101111100110100000011110100010100000010001101001000010111101110110100010111011001011011110000011000011111101000111110101110111011000010110000000001000010100001000110011101011100110010001011011011110000101011011010010111100010101011001001001001110010001000101011001111000011110011010111111011100100001101010000011000011100100111001001101011000110010100011111001100110000110001111000011000000110011010000010101100100100010010001100010010100001011000011111101011111111001110000111000001100101000000011101001001101110101010010000010001010111110100000000110101110000000101110010111100000100101011101101010011001101110010000011110010001101001101011101100100100110111110111001110011111110100
